eventID,sequencingDate,runID,sequencingLocation,sequencingPlatform,sequencingChemistry,fileR1,fileR1md5sum,fileR1url,fileR2,fileR2md5sum,fileR2url,locus,primerSet,library,replicateFilter,replicatePCR,oligoFwd,oligoRev,primerWell,primerColumn,primerRow
TAFIRI-2019.05.21-RUF02-A,2021-09-15,210914_NB501345_0171_AHT37VAFX2,Bristol Genomics,NextSeq 500,v2.5 Mid Output (2 x 150 bp),Kilombero_Tele02_Lib01_R1.fastq.gz,13a4abc2636eb96a0a1c556eb08e80f4,,Kilombero_Tele02_Lib01_R2.fastq.gz,68fcfb0399f50b72dd6e381b38ae5e03,,12S,tele02,lib1,1,pcr1,AATATCGCAAACTCGTGCCAGCCACC,AATATCGCGGGTATCTAATCCCAGTTTG,A01,1,A
TAFIRI-2019.05.21-RUF02-A,2021-09-15,210914_NB501345_0171_AHT37VAFX2,Bristol Genomics,NextSeq 500,v2.5 Mid Output (2 x 150 bp),Kilombero_Tele02_Lib01_R1.fastq.gz,13a4abc2636eb96a0a1c556eb08e80f4,,Kilombero_Tele02_Lib01_R2.fastq.gz,68fcfb0399f50b72dd6e381b38ae5e03,,12S,tele02,lib1,2,pcr1,TACTCGGAAAACTCGTGCCAGCCACC,TACTCGGAGGGTATCTAATCCCAGTTTG,B01,1,B
TAFIRI-2019.05.21-RUF02-A,2021-09-15,210914_NB501345_0171_AHT37VAFX2,Bristol Genomics,NextSeq 500,v2.5 Mid Output (2 x 150 bp),Kilombero_Tele02_Lib01_R1.fastq.gz,13a4abc2636eb96a0a1c556eb08e80f4,,Kilombero_Tele02_Lib01_R2.fastq.gz,68fcfb0399f50b72dd6e381b38ae5e03,,12S,tele02,lib1,3,pcr1,GTCGCTGAAAACTCGTGCCAGCCACC,GTCGCTGAGGGTATCTAATCCCAGTTTG,C01,1,C
TAFIRI-2019.05.21-RUF02-A,2021-09-15,210914_NB501345_0171_AHT37VAFX2,Bristol Genomics,NextSeq 500,v2.5 Mid Output (2 x 150 bp),Kilombero_Tele02_Lib01_R1.fastq.gz,13a4abc2636eb96a0a1c556eb08e80f4,,Kilombero_Tele02_Lib01_R2.fastq.gz,68fcfb0399f50b72dd6e381b38ae5e03,,12S,tele02,lib1,4,pcr1,GTTATATGAAACTCGTGCCAGCCACC,GTTATATGGGGTATCTAATCCCAGTTTG,D01,1,D
TAFIRI-2019.05.21-RUF02-A,2021-09-15,210914_NB501345_0171_AHT37VAFX2,Bristol Genomics,NextSeq 500,v2.5 Mid Output (2 x 150 bp),Kilombero_Tele02_Lib01_R1.fastq.gz,13a4abc2636eb96a0a1c556eb08e80f4,,Kilombero_Tele02_Lib01_R2.fastq.gz,68fcfb0399f50b72dd6e381b38ae5e03,,12S,tele02,lib1,5,pcr1,GGTAGAGCAAACTCGTGCCAGCCACC,GGTAGAGCGGGTATCTAATCCCAGTTTG,E01,1,E
TAFIRI-2019.05.21-RUF02-A,2021-09-15,210914_NB501345_0171_AHT37VAFX2,Bristol Genomics,NextSeq 500,v2.5 Mid Output (2 x 150 bp),Kilombero_Tele02_Lib01_R1.fastq.gz,13a4abc2636eb96a0a1c556eb08e80f4,,Kilombero_Tele02_Lib01_R2.fastq.gz,68fcfb0399f50b72dd6e381b38ae5e03,,12S,tele02,lib1,6,pcr1,ATAGACGAAAACTCGTGCCAGCCACC,ATAGACGAGGGTATCTAATCCCAGTTTG,F01,1,F
TAFIRI-2019.05.21-RUF03-A,2021-09-15,210914_NB501345_0171_AHT37VAFX2,Bristol Genomics,NextSeq 500,v2.5 Mid Output (2 x 150 bp),Kilombero_Tele02_Lib01_R1.fastq.gz,13a4abc2636eb96a0a1c556eb08e80f4,,Kilombero_Tele02_Lib01_R2.fastq.gz,68fcfb0399f50b72dd6e381b38ae5e03,,12S,tele02,lib1,1,pcr1,CAACCTAGAAACTCGTGCCAGCCACC,CAACCTAGGGGTATCTAATCCCAGTTTG,G01,1,G
TAFIRI-2019.05.21-RUF03-A,2021-09-15,210914_NB501345_0171_AHT37VAFX2,Bristol Genomics,NextSeq 500,v2.5 Mid Output (2 x 150 bp),Kilombero_Tele02_Lib01_R1.fastq.gz,13a4abc2636eb96a0a1c556eb08e80f4,,Kilombero_Tele02_Lib01_R2.fastq.gz,68fcfb0399f50b72dd6e381b38ae5e03,,12S,tele02,lib1,2,pcr1,AGCCGGCCAAACTCGTGCCAGCCACC,AGCCGGCCGGGTATCTAATCCCAGTTTG,H01,1,H
TAFIRI-2019.05.21-RUF03-A,2021-09-15,210914_NB501345_0171_AHT37VAFX2,Bristol Genomics,NextSeq 500,v2.5 Mid Output (2 x 150 bp),Kilombero_Tele02_Lib01_R1.fastq.gz,13a4abc2636eb96a0a1c556eb08e80f4,,Kilombero_Tele02_Lib01_R2.fastq.gz,68fcfb0399f50b72dd6e381b38ae5e03,,12S,tele02,lib1,3,pcr1,AGATGGTCAAACTCGTGCCAGCCACC,AGATGGTCGGGTATCTAATCCCAGTTTG,A02,2,A
TAFIRI-2019.05.21-RUF03-A,2021-09-15,210914_NB501345_0171_AHT37VAFX2,Bristol Genomics,NextSeq 500,v2.5 Mid Output (2 x 150 bp),Kilombero_Tele02_Lib01_R1.fastq.gz,13a4abc2636eb96a0a1c556eb08e80f4,,Kilombero_Tele02_Lib01_R2.fastq.gz,68fcfb0399f50b72dd6e381b38ae5e03,,12S,tele02,lib1,4,pcr1,CACCACTTAAACTCGTGCCAGCCACC,CACCACTTGGGTATCTAATCCCAGTTTG,B02,2,B
TAFIRI-2019.05.21-RUF03-A,2021-09-15,210914_NB501345_0171_AHT37VAFX2,Bristol Genomics,NextSeq 500,v2.5 Mid Output (2 x 150 bp),Kilombero_Tele02_Lib01_R1.fastq.gz,13a4abc2636eb96a0a1c556eb08e80f4,,Kilombero_Tele02_Lib01_R2.fastq.gz,68fcfb0399f50b72dd6e381b38ae5e03,,12S,tele02,lib1,5,pcr1,CAATGACTAAACTCGTGCCAGCCACC,CAATGACTGGGTATCTAATCCCAGTTTG,C02,2,C
TAFIRI-2019.05.21-RUF03-A,2021-09-15,210914_NB501345_0171_AHT37VAFX2,Bristol Genomics,NextSeq 500,v2.5 Mid Output (2 x 150 bp),Kilombero_Tele02_Lib01_R1.fastq.gz,13a4abc2636eb96a0a1c556eb08e80f4,,Kilombero_Tele02_Lib01_R2.fastq.gz,68fcfb0399f50b72dd6e381b38ae5e03,,12S,tele02,lib1,6,pcr1,TAAGCGTGAAACTCGTGCCAGCCACC,TAAGCGTGGGGTATCTAATCCCAGTTTG,D02,2,D
TAFIRI-2019.05.21-RUF04-A,2021-09-15,210914_NB501345_0171_AHT37VAFX2,Bristol Genomics,NextSeq 500,v2.5 Mid Output (2 x 150 bp),Kilombero_Tele02_Lib01_R1.fastq.gz,13a4abc2636eb96a0a1c556eb08e80f4,,Kilombero_Tele02_Lib01_R2.fastq.gz,68fcfb0399f50b72dd6e381b38ae5e03,,12S,tele02,lib1,1,pcr1,TCTCGCTAAAACTCGTGCCAGCCACC,TCTCGCTAGGGTATCTAATCCCAGTTTG,E02,2,E
TAFIRI-2019.05.21-RUF04-A,2021-09-15,210914_NB501345_0171_AHT37VAFX2,Bristol Genomics,NextSeq 500,v2.5 Mid Output (2 x 150 bp),Kilombero_Tele02_Lib01_R1.fastq.gz,13a4abc2636eb96a0a1c556eb08e80f4,,Kilombero_Tele02_Lib01_R2.fastq.gz,68fcfb0399f50b72dd6e381b38ae5e03,,12S,tele02,lib1,2,pcr1,TACATGAAAAACTCGTGCCAGCCACC,TACATGAAGGGTATCTAATCCCAGTTTG,F02,2,F
TAFIRI-2019.05.21-RUF04-A,2021-09-15,210914_NB501345_0171_AHT37VAFX2,Bristol Genomics,NextSeq 500,v2.5 Mid Output (2 x 150 bp),Kilombero_Tele02_Lib01_R1.fastq.gz,13a4abc2636eb96a0a1c556eb08e80f4,,Kilombero_Tele02_Lib01_R2.fastq.gz,68fcfb0399f50b72dd6e381b38ae5e03,,12S,tele02,lib1,3,pcr1,ACGATATAAAACTCGTGCCAGCCACC,ACGATATAGGGTATCTAATCCCAGTTTG,G02,2,G
TAFIRI-2019.05.21-RUF04-A,2021-09-15,210914_NB501345_0171_AHT37VAFX2,Bristol Genomics,NextSeq 500,v2.5 Mid Output (2 x 150 bp),Kilombero_Tele02_Lib01_R1.fastq.gz,13a4abc2636eb96a0a1c556eb08e80f4,,Kilombero_Tele02_Lib01_R2.fastq.gz,68fcfb0399f50b72dd6e381b38ae5e03,,12S,tele02,lib1,4,pcr1,TAGACTATAAACTCGTGCCAGCCACC,TAGACTATGGGTATCTAATCCCAGTTTG,H02,2,H
TAFIRI-2019.05.21-RUF04-A,2021-09-15,210914_NB501345_0171_AHT37VAFX2,Bristol Genomics,NextSeq 500,v2.5 Mid Output (2 x 150 bp),Kilombero_Tele02_Lib01_R1.fastq.gz,13a4abc2636eb96a0a1c556eb08e80f4,,Kilombero_Tele02_Lib01_R2.fastq.gz,68fcfb0399f50b72dd6e381b38ae5e03,,12S,tele02,lib1,5,pcr1,ACAGTTGAAAACTCGTGCCAGCCACC,ACAGTTGAGGGTATCTAATCCCAGTTTG,A03,3,A
TAFIRI-2019.05.21-RUF04-A,2021-09-15,210914_NB501345_0171_AHT37VAFX2,Bristol Genomics,NextSeq 500,v2.5 Mid Output (2 x 150 bp),Kilombero_Tele02_Lib01_R1.fastq.gz,13a4abc2636eb96a0a1c556eb08e80f4,,Kilombero_Tele02_Lib01_R2.fastq.gz,68fcfb0399f50b72dd6e381b38ae5e03,,12S,tele02,lib1,6,pcr1,CGTAAGTCAAACTCGTGCCAGCCACC,CGTAAGTCGGGTATCTAATCCCAGTTTG,B03,3,B
TAFIRI-2019.05.22-RUF02-B,2021-09-15,210914_NB501345_0171_AHT37VAFX2,Bristol Genomics,NextSeq 500,v2.5 Mid Output (2 x 150 bp),Kilombero_Tele02_Lib01_R1.fastq.gz,13a4abc2636eb96a0a1c556eb08e80f4,,Kilombero_Tele02_Lib01_R2.fastq.gz,68fcfb0399f50b72dd6e381b38ae5e03,,12S,tele02,lib1,1,pcr1,GTCGAATGAAACTCGTGCCAGCCACC,GTCGAATGGGGTATCTAATCCCAGTTTG,C03,3,C
TAFIRI-2019.05.22-RUF02-B,2021-09-15,210914_NB501345_0171_AHT37VAFX2,Bristol Genomics,NextSeq 500,v2.5 Mid Output (2 x 150 bp),Kilombero_Tele02_Lib01_R1.fastq.gz,13a4abc2636eb96a0a1c556eb08e80f4,,Kilombero_Tele02_Lib01_R2.fastq.gz,68fcfb0399f50b72dd6e381b38ae5e03,,12S,tele02,lib1,2,pcr1,AGCCATGTAAACTCGTGCCAGCCACC,AGCCATGTGGGTATCTAATCCCAGTTTG,D03,3,D
TAFIRI-2019.05.22-RUF02-B,2021-09-15,210914_NB501345_0171_AHT37VAFX2,Bristol Genomics,NextSeq 500,v2.5 Mid Output (2 x 150 bp),Kilombero_Tele02_Lib01_R1.fastq.gz,13a4abc2636eb96a0a1c556eb08e80f4,,Kilombero_Tele02_Lib01_R2.fastq.gz,68fcfb0399f50b72dd6e381b38ae5e03,,12S,tele02,lib1,3,pcr1,GTGGTACCAAACTCGTGCCAGCCACC,GTGGTACCGGGTATCTAATCCCAGTTTG,E03,3,E
TAFIRI-2019.05.22-RUF02-B,2021-09-15,210914_NB501345_0171_AHT37VAFX2,Bristol Genomics,NextSeq 500,v2.5 Mid Output (2 x 150 bp),Kilombero_Tele02_Lib01_R1.fastq.gz,13a4abc2636eb96a0a1c556eb08e80f4,,Kilombero_Tele02_Lib01_R2.fastq.gz,68fcfb0399f50b72dd6e381b38ae5e03,,12S,tele02,lib1,4,pcr1,GAGCTTAAAAACTCGTGCCAGCCACC,GAGCTTAAGGGTATCTAATCCCAGTTTG,F03,3,F
TAFIRI-2019.05.22-RUF02-B,2021-09-15,210914_NB501345_0171_AHT37VAFX2,Bristol Genomics,NextSeq 500,v2.5 Mid Output (2 x 150 bp),Kilombero_Tele02_Lib01_R1.fastq.gz,13a4abc2636eb96a0a1c556eb08e80f4,,Kilombero_Tele02_Lib01_R2.fastq.gz,68fcfb0399f50b72dd6e381b38ae5e03,,12S,tele02,lib1,5,pcr1,TAGATCAGAAACTCGTGCCAGCCACC,TAGATCAGGGGTATCTAATCCCAGTTTG,G03,3,G
TAFIRI-2019.05.22-RUF02-B,2021-09-15,210914_NB501345_0171_AHT37VAFX2,Bristol Genomics,NextSeq 500,v2.5 Mid Output (2 x 150 bp),Kilombero_Tele02_Lib01_R1.fastq.gz,13a4abc2636eb96a0a1c556eb08e80f4,,Kilombero_Tele02_Lib01_R2.fastq.gz,68fcfb0399f50b72dd6e381b38ae5e03,,12S,tele02,lib1,6,pcr1,CAGCATATAAACTCGTGCCAGCCACC,CAGCATATGGGTATCTAATCCCAGTTTG,H03,3,H
TAFIRI-2019.05.22-RUF02-C,2021-09-15,210914_NB501345_0171_AHT37VAFX2,Bristol Genomics,NextSeq 500,v2.5 Mid Output (2 x 150 bp),Kilombero_Tele02_Lib01_R1.fastq.gz,13a4abc2636eb96a0a1c556eb08e80f4,,Kilombero_Tele02_Lib01_R2.fastq.gz,68fcfb0399f50b72dd6e381b38ae5e03,,12S,tele02,lib1,1,pcr1,CACAGATTAAACTCGTGCCAGCCACC,CACAGATTGGGTATCTAATCCCAGTTTG,A04,4,A
TAFIRI-2019.05.22-RUF02-C,2021-09-15,210914_NB501345_0171_AHT37VAFX2,Bristol Genomics,NextSeq 500,v2.5 Mid Output (2 x 150 bp),Kilombero_Tele02_Lib01_R1.fastq.gz,13a4abc2636eb96a0a1c556eb08e80f4,,Kilombero_Tele02_Lib01_R2.fastq.gz,68fcfb0399f50b72dd6e381b38ae5e03,,12S,tele02,lib1,2,pcr1,AACAAGCCAAACTCGTGCCAGCCACC,AACAAGCCGGGTATCTAATCCCAGTTTG,B04,4,B
TAFIRI-2019.05.22-RUF02-C,2021-09-15,210914_NB501345_0171_AHT37VAFX2,Bristol Genomics,NextSeq 500,v2.5 Mid Output (2 x 150 bp),Kilombero_Tele02_Lib01_R1.fastq.gz,13a4abc2636eb96a0a1c556eb08e80f4,,Kilombero_Tele02_Lib01_R2.fastq.gz,68fcfb0399f50b72dd6e381b38ae5e03,,12S,tele02,lib1,3,pcr1,AGGCGCTTAAACTCGTGCCAGCCACC,AGGCGCTTGGGTATCTAATCCCAGTTTG,C04,4,C
TAFIRI-2019.05.22-RUF02-C,2021-09-15,210914_NB501345_0171_AHT37VAFX2,Bristol Genomics,NextSeq 500,v2.5 Mid Output (2 x 150 bp),Kilombero_Tele02_Lib01_R1.fastq.gz,13a4abc2636eb96a0a1c556eb08e80f4,,Kilombero_Tele02_Lib01_R2.fastq.gz,68fcfb0399f50b72dd6e381b38ae5e03,,12S,tele02,lib1,4,pcr1,AAGTGATGAAACTCGTGCCAGCCACC,AAGTGATGGGGTATCTAATCCCAGTTTG,D04,4,D
TAFIRI-2019.05.22-RUF02-C,2021-09-15,210914_NB501345_0171_AHT37VAFX2,Bristol Genomics,NextSeq 500,v2.5 Mid Output (2 x 150 bp),Kilombero_Tele02_Lib01_R1.fastq.gz,13a4abc2636eb96a0a1c556eb08e80f4,,Kilombero_Tele02_Lib01_R2.fastq.gz,68fcfb0399f50b72dd6e381b38ae5e03,,12S,tele02,lib1,5,pcr1,CCGTGACGAAACTCGTGCCAGCCACC,CCGTGACGGGGTATCTAATCCCAGTTTG,E04,4,E
TAFIRI-2019.05.22-RUF02-C,2021-09-15,210914_NB501345_0171_AHT37VAFX2,Bristol Genomics,NextSeq 500,v2.5 Mid Output (2 x 150 bp),Kilombero_Tele02_Lib01_R1.fastq.gz,13a4abc2636eb96a0a1c556eb08e80f4,,Kilombero_Tele02_Lib01_R2.fastq.gz,68fcfb0399f50b72dd6e381b38ae5e03,,12S,tele02,lib1,6,pcr1,CCGCTCAGAAACTCGTGCCAGCCACC,CCGCTCAGGGGTATCTAATCCCAGTTTG,F04,4,F
TAFIRI-2019.05.22-RUF05-A,2021-09-15,210914_NB501345_0171_AHT37VAFX2,Bristol Genomics,NextSeq 500,v2.5 Mid Output (2 x 150 bp),Kilombero_Tele02_Lib01_R1.fastq.gz,13a4abc2636eb96a0a1c556eb08e80f4,,Kilombero_Tele02_Lib01_R2.fastq.gz,68fcfb0399f50b72dd6e381b38ae5e03,,12S,tele02,lib1,1,pcr1,AACAGGAGAAACTCGTGCCAGCCACC,AACAGGAGGGGTATCTAATCCCAGTTTG,G04,4,G
TAFIRI-2019.05.22-RUF05-A,2021-09-15,210914_NB501345_0171_AHT37VAFX2,Bristol Genomics,NextSeq 500,v2.5 Mid Output (2 x 150 bp),Kilombero_Tele02_Lib01_R1.fastq.gz,13a4abc2636eb96a0a1c556eb08e80f4,,Kilombero_Tele02_Lib01_R2.fastq.gz,68fcfb0399f50b72dd6e381b38ae5e03,,12S,tele02,lib1,2,pcr1,CCATGCGCAAACTCGTGCCAGCCACC,CCATGCGCGGGTATCTAATCCCAGTTTG,H04,4,H
TAFIRI-2019.05.22-RUF05-A,2021-09-15,210914_NB501345_0171_AHT37VAFX2,Bristol Genomics,NextSeq 500,v2.5 Mid Output (2 x 150 bp),Kilombero_Tele02_Lib01_R1.fastq.gz,13a4abc2636eb96a0a1c556eb08e80f4,,Kilombero_Tele02_Lib01_R2.fastq.gz,68fcfb0399f50b72dd6e381b38ae5e03,,12S,tele02,lib1,3,pcr1,GTCCACGAAAACTCGTGCCAGCCACC,GTCCACGAGGGTATCTAATCCCAGTTTG,A05,5,A
TAFIRI-2019.05.22-RUF05-A,2021-09-15,210914_NB501345_0171_AHT37VAFX2,Bristol Genomics,NextSeq 500,v2.5 Mid Output (2 x 150 bp),Kilombero_Tele02_Lib01_R1.fastq.gz,13a4abc2636eb96a0a1c556eb08e80f4,,Kilombero_Tele02_Lib01_R2.fastq.gz,68fcfb0399f50b72dd6e381b38ae5e03,,12S,tele02,lib1,4,pcr1,ACAGCTCGAAACTCGTGCCAGCCACC,ACAGCTCGGGGTATCTAATCCCAGTTTG,B05,5,B
TAFIRI-2019.05.22-RUF05-A,2021-09-15,210914_NB501345_0171_AHT37VAFX2,Bristol Genomics,NextSeq 500,v2.5 Mid Output (2 x 150 bp),Kilombero_Tele02_Lib01_R1.fastq.gz,13a4abc2636eb96a0a1c556eb08e80f4,,Kilombero_Tele02_Lib01_R2.fastq.gz,68fcfb0399f50b72dd6e381b38ae5e03,,12S,tele02,lib1,5,pcr1,AGCTACAGAAACTCGTGCCAGCCACC,AGCTACAGGGGTATCTAATCCCAGTTTG,C05,5,C
TAFIRI-2019.05.22-RUF05-A,2021-09-15,210914_NB501345_0171_AHT37VAFX2,Bristol Genomics,NextSeq 500,v2.5 Mid Output (2 x 150 bp),Kilombero_Tele02_Lib01_R1.fastq.gz,13a4abc2636eb96a0a1c556eb08e80f4,,Kilombero_Tele02_Lib01_R2.fastq.gz,68fcfb0399f50b72dd6e381b38ae5e03,,12S,tele02,lib1,6,pcr1,GATCTGTTAAACTCGTGCCAGCCACC,GATCTGTTGGGTATCTAATCCCAGTTTG,D05,5,D
TAFIRI-2019.05.22-RUF03-B,2021-09-15,210914_NB501345_0171_AHT37VAFX2,Bristol Genomics,NextSeq 500,v2.5 Mid Output (2 x 150 bp),Kilombero_Tele02_Lib01_R1.fastq.gz,13a4abc2636eb96a0a1c556eb08e80f4,,Kilombero_Tele02_Lib01_R2.fastq.gz,68fcfb0399f50b72dd6e381b38ae5e03,,12S,tele02,lib1,1,pcr1,TATGTTATAAACTCGTGCCAGCCACC,TATGTTATGGGTATCTAATCCCAGTTTG,E05,5,E
TAFIRI-2019.05.22-RUF03-B,2021-09-15,210914_NB501345_0171_AHT37VAFX2,Bristol Genomics,NextSeq 500,v2.5 Mid Output (2 x 150 bp),Kilombero_Tele02_Lib01_R1.fastq.gz,13a4abc2636eb96a0a1c556eb08e80f4,,Kilombero_Tele02_Lib01_R2.fastq.gz,68fcfb0399f50b72dd6e381b38ae5e03,,12S,tele02,lib1,2,pcr1,CGGTCTCAAAACTCGTGCCAGCCACC,CGGTCTCAGGGTATCTAATCCCAGTTTG,F05,5,F
TAFIRI-2019.05.22-RUF03-B,2021-09-15,210914_NB501345_0171_AHT37VAFX2,Bristol Genomics,NextSeq 500,v2.5 Mid Output (2 x 150 bp),Kilombero_Tele02_Lib01_R1.fastq.gz,13a4abc2636eb96a0a1c556eb08e80f4,,Kilombero_Tele02_Lib01_R2.fastq.gz,68fcfb0399f50b72dd6e381b38ae5e03,,12S,tele02,lib1,3,pcr1,TACGGCAAAAACTCGTGCCAGCCACC,TACGGCAAGGGTATCTAATCCCAGTTTG,G05,5,G
TAFIRI-2019.05.22-RUF03-B,2021-09-15,210914_NB501345_0171_AHT37VAFX2,Bristol Genomics,NextSeq 500,v2.5 Mid Output (2 x 150 bp),Kilombero_Tele02_Lib01_R1.fastq.gz,13a4abc2636eb96a0a1c556eb08e80f4,,Kilombero_Tele02_Lib01_R2.fastq.gz,68fcfb0399f50b72dd6e381b38ae5e03,,12S,tele02,lib1,4,pcr1,AATAACTTAAACTCGTGCCAGCCACC,AATAACTTGGGTATCTAATCCCAGTTTG,H05,5,H
TAFIRI-2019.05.22-RUF03-B,2021-09-15,210914_NB501345_0171_AHT37VAFX2,Bristol Genomics,NextSeq 500,v2.5 Mid Output (2 x 150 bp),Kilombero_Tele02_Lib01_R1.fastq.gz,13a4abc2636eb96a0a1c556eb08e80f4,,Kilombero_Tele02_Lib01_R2.fastq.gz,68fcfb0399f50b72dd6e381b38ae5e03,,12S,tele02,lib1,5,pcr1,CATATTAAAAACTCGTGCCAGCCACC,CATATTAAGGGTATCTAATCCCAGTTTG,A06,6,A
TAFIRI-2019.05.22-RUF03-B,2021-09-15,210914_NB501345_0171_AHT37VAFX2,Bristol Genomics,NextSeq 500,v2.5 Mid Output (2 x 150 bp),Kilombero_Tele02_Lib01_R1.fastq.gz,13a4abc2636eb96a0a1c556eb08e80f4,,Kilombero_Tele02_Lib01_R2.fastq.gz,68fcfb0399f50b72dd6e381b38ae5e03,,12S,tele02,lib1,6,pcr1,TCGCTTATAAACTCGTGCCAGCCACC,TCGCTTATGGGTATCTAATCCCAGTTTG,B06,6,B
TAFIRI-2019.05.23-RUF06-A,2021-09-15,210914_NB501345_0171_AHT37VAFX2,Bristol Genomics,NextSeq 500,v2.5 Mid Output (2 x 150 bp),Kilombero_Tele02_Lib01_R1.fastq.gz,13a4abc2636eb96a0a1c556eb08e80f4,,Kilombero_Tele02_Lib01_R2.fastq.gz,68fcfb0399f50b72dd6e381b38ae5e03,,12S,tele02,lib1,1,pcr1,GTCTCCAAAAACTCGTGCCAGCCACC,GTCTCCAAGGGTATCTAATCCCAGTTTG,C06,6,C
TAFIRI-2019.05.23-RUF06-A,2021-09-15,210914_NB501345_0171_AHT37VAFX2,Bristol Genomics,NextSeq 500,v2.5 Mid Output (2 x 150 bp),Kilombero_Tele02_Lib01_R1.fastq.gz,13a4abc2636eb96a0a1c556eb08e80f4,,Kilombero_Tele02_Lib01_R2.fastq.gz,68fcfb0399f50b72dd6e381b38ae5e03,,12S,tele02,lib1,2,pcr1,AAGCAATTAAACTCGTGCCAGCCACC,AAGCAATTGGGTATCTAATCCCAGTTTG,D06,6,D
TAFIRI-2019.05.23-RUF06-A,2021-09-15,210914_NB501345_0171_AHT37VAFX2,Bristol Genomics,NextSeq 500,v2.5 Mid Output (2 x 150 bp),Kilombero_Tele02_Lib01_R1.fastq.gz,13a4abc2636eb96a0a1c556eb08e80f4,,Kilombero_Tele02_Lib01_R2.fastq.gz,68fcfb0399f50b72dd6e381b38ae5e03,,12S,tele02,lib1,3,pcr1,AACGGCGGAAACTCGTGCCAGCCACC,AACGGCGGGGGTATCTAATCCCAGTTTG,E06,6,E
TAFIRI-2019.05.23-RUF06-A,2021-09-15,210914_NB501345_0171_AHT37VAFX2,Bristol Genomics,NextSeq 500,v2.5 Mid Output (2 x 150 bp),Kilombero_Tele02_Lib01_R1.fastq.gz,13a4abc2636eb96a0a1c556eb08e80f4,,Kilombero_Tele02_Lib01_R2.fastq.gz,68fcfb0399f50b72dd6e381b38ae5e03,,12S,tele02,lib1,4,pcr1,GCAATTCAAAACTCGTGCCAGCCACC,GCAATTCAGGGTATCTAATCCCAGTTTG,F06,6,F
TAFIRI-2019.05.23-RUF06-A,2021-09-15,210914_NB501345_0171_AHT37VAFX2,Bristol Genomics,NextSeq 500,v2.5 Mid Output (2 x 150 bp),Kilombero_Tele02_Lib01_R1.fastq.gz,13a4abc2636eb96a0a1c556eb08e80f4,,Kilombero_Tele02_Lib01_R2.fastq.gz,68fcfb0399f50b72dd6e381b38ae5e03,,12S,tele02,lib1,5,pcr1,TAGTCTCCAAACTCGTGCCAGCCACC,TAGTCTCCGGGTATCTAATCCCAGTTTG,G06,6,G
TAFIRI-2019.05.23-RUF06-A,2021-09-15,210914_NB501345_0171_AHT37VAFX2,Bristol Genomics,NextSeq 500,v2.5 Mid Output (2 x 150 bp),Kilombero_Tele02_Lib01_R1.fastq.gz,13a4abc2636eb96a0a1c556eb08e80f4,,Kilombero_Tele02_Lib01_R2.fastq.gz,68fcfb0399f50b72dd6e381b38ae5e03,,12S,tele02,lib1,6,pcr1,AACGCTAAAAACTCGTGCCAGCCACC,AACGCTAAGGGTATCTAATCCCAGTTTG,H06,6,H
TAFIRI-2019.05.23-RUF07-A,2021-09-15,210914_NB501345_0171_AHT37VAFX2,Bristol Genomics,NextSeq 500,v2.5 Mid Output (2 x 150 bp),Kilombero_Tele02_Lib01_R1.fastq.gz,13a4abc2636eb96a0a1c556eb08e80f4,,Kilombero_Tele02_Lib01_R2.fastq.gz,68fcfb0399f50b72dd6e381b38ae5e03,,12S,tele02,lib1,1,pcr1,AGTCCGGCAAACTCGTGCCAGCCACC,AGTCCGGCGGGTATCTAATCCCAGTTTG,A07,7,A
TAFIRI-2019.05.23-RUF07-A,2021-09-15,210914_NB501345_0171_AHT37VAFX2,Bristol Genomics,NextSeq 500,v2.5 Mid Output (2 x 150 bp),Kilombero_Tele02_Lib01_R1.fastq.gz,13a4abc2636eb96a0a1c556eb08e80f4,,Kilombero_Tele02_Lib01_R2.fastq.gz,68fcfb0399f50b72dd6e381b38ae5e03,,12S,tele02,lib1,2,pcr1,TAGGTGCCAAACTCGTGCCAGCCACC,TAGGTGCCGGGTATCTAATCCCAGTTTG,B07,7,B
TAFIRI-2019.05.23-RUF07-A,2021-09-15,210914_NB501345_0171_AHT37VAFX2,Bristol Genomics,NextSeq 500,v2.5 Mid Output (2 x 150 bp),Kilombero_Tele02_Lib01_R1.fastq.gz,13a4abc2636eb96a0a1c556eb08e80f4,,Kilombero_Tele02_Lib01_R2.fastq.gz,68fcfb0399f50b72dd6e381b38ae5e03,,12S,tele02,lib1,3,pcr1,TCGTGCAGAAACTCGTGCCAGCCACC,TCGTGCAGGGGTATCTAATCCCAGTTTG,C07,7,C
TAFIRI-2019.05.23-RUF07-A,2021-09-15,210914_NB501345_0171_AHT37VAFX2,Bristol Genomics,NextSeq 500,v2.5 Mid Output (2 x 150 bp),Kilombero_Tele02_Lib01_R1.fastq.gz,13a4abc2636eb96a0a1c556eb08e80f4,,Kilombero_Tele02_Lib01_R2.fastq.gz,68fcfb0399f50b72dd6e381b38ae5e03,,12S,tele02,lib1,4,pcr1,AACTGCATAAACTCGTGCCAGCCACC,AACTGCATGGGTATCTAATCCCAGTTTG,D07,7,D
TAFIRI-2019.05.23-RUF07-A,2021-09-15,210914_NB501345_0171_AHT37VAFX2,Bristol Genomics,NextSeq 500,v2.5 Mid Output (2 x 150 bp),Kilombero_Tele02_Lib01_R1.fastq.gz,13a4abc2636eb96a0a1c556eb08e80f4,,Kilombero_Tele02_Lib01_R2.fastq.gz,68fcfb0399f50b72dd6e381b38ae5e03,,12S,tele02,lib1,5,pcr1,AACAGCTCAAACTCGTGCCAGCCACC,AACAGCTCGGGTATCTAATCCCAGTTTG,E07,7,E
TAFIRI-2019.05.23-RUF07-A,2021-09-15,210914_NB501345_0171_AHT37VAFX2,Bristol Genomics,NextSeq 500,v2.5 Mid Output (2 x 150 bp),Kilombero_Tele02_Lib01_R1.fastq.gz,13a4abc2636eb96a0a1c556eb08e80f4,,Kilombero_Tele02_Lib01_R2.fastq.gz,68fcfb0399f50b72dd6e381b38ae5e03,,12S,tele02,lib1,6,pcr1,ACGGAACCAAACTCGTGCCAGCCACC,ACGGAACCGGGTATCTAATCCCAGTTTG,F07,7,F
FieldBlank,2021-09-15,210914_NB501345_0171_AHT37VAFX2,Bristol Genomics,NextSeq 500,v2.5 Mid Output (2 x 150 bp),Kilombero_Tele02_Lib01_R1.fastq.gz,13a4abc2636eb96a0a1c556eb08e80f4,,Kilombero_Tele02_Lib01_R2.fastq.gz,68fcfb0399f50b72dd6e381b38ae5e03,,12S,tele02,lib1,FieldBlank,pcr1,ACGATTAGAAACTCGTGCCAGCCACC,ACGATTAGGGGTATCTAATCCCAGTTTG,G07,7,G
TAFIRI-2019.05.23-RUF08-A,2021-09-15,210914_NB501345_0171_AHT37VAFX2,Bristol Genomics,NextSeq 500,v2.5 Mid Output (2 x 150 bp),Kilombero_Tele02_Lib01_R1.fastq.gz,13a4abc2636eb96a0a1c556eb08e80f4,,Kilombero_Tele02_Lib01_R2.fastq.gz,68fcfb0399f50b72dd6e381b38ae5e03,,12S,tele02,lib1,1,pcr1,ACAAGACTAAACTCGTGCCAGCCACC,ACAAGACTGGGTATCTAATCCCAGTTTG,H07,7,H
TAFIRI-2019.05.23-RUF08-A,2021-09-15,210914_NB501345_0171_AHT37VAFX2,Bristol Genomics,NextSeq 500,v2.5 Mid Output (2 x 150 bp),Kilombero_Tele02_Lib01_R1.fastq.gz,13a4abc2636eb96a0a1c556eb08e80f4,,Kilombero_Tele02_Lib01_R2.fastq.gz,68fcfb0399f50b72dd6e381b38ae5e03,,12S,tele02,lib1,2,pcr1,GCACTGGAAAACTCGTGCCAGCCACC,GCACTGGAGGGTATCTAATCCCAGTTTG,A08,8,A
TAFIRI-2019.05.23-RUF08-A,2021-09-15,210914_NB501345_0171_AHT37VAFX2,Bristol Genomics,NextSeq 500,v2.5 Mid Output (2 x 150 bp),Kilombero_Tele02_Lib01_R1.fastq.gz,13a4abc2636eb96a0a1c556eb08e80f4,,Kilombero_Tele02_Lib01_R2.fastq.gz,68fcfb0399f50b72dd6e381b38ae5e03,,12S,tele02,lib1,3,pcr1,TTACCTGTAAACTCGTGCCAGCCACC,TTACCTGTGGGTATCTAATCCCAGTTTG,B08,8,B
TAFIRI-2019.05.23-RUF08-A,2021-09-15,210914_NB501345_0171_AHT37VAFX2,Bristol Genomics,NextSeq 500,v2.5 Mid Output (2 x 150 bp),Kilombero_Tele02_Lib01_R1.fastq.gz,13a4abc2636eb96a0a1c556eb08e80f4,,Kilombero_Tele02_Lib01_R2.fastq.gz,68fcfb0399f50b72dd6e381b38ae5e03,,12S,tele02,lib1,4,pcr1,GAGCACCTAAACTCGTGCCAGCCACC,GAGCACCTGGGTATCTAATCCCAGTTTG,C08,8,C
TAFIRI-2019.05.23-RUF08-A,2021-09-15,210914_NB501345_0171_AHT37VAFX2,Bristol Genomics,NextSeq 500,v2.5 Mid Output (2 x 150 bp),Kilombero_Tele02_Lib01_R1.fastq.gz,13a4abc2636eb96a0a1c556eb08e80f4,,Kilombero_Tele02_Lib01_R2.fastq.gz,68fcfb0399f50b72dd6e381b38ae5e03,,12S,tele02,lib1,5,pcr1,ACCACTGCAAACTCGTGCCAGCCACC,ACCACTGCGGGTATCTAATCCCAGTTTG,D08,8,D
TAFIRI-2019.05.23-RUF08-A,2021-09-15,210914_NB501345_0171_AHT37VAFX2,Bristol Genomics,NextSeq 500,v2.5 Mid Output (2 x 150 bp),Kilombero_Tele02_Lib01_R1.fastq.gz,13a4abc2636eb96a0a1c556eb08e80f4,,Kilombero_Tele02_Lib01_R2.fastq.gz,68fcfb0399f50b72dd6e381b38ae5e03,,12S,tele02,lib1,6,pcr1,ACCGGTTAAAACTCGTGCCAGCCACC,ACCGGTTAGGGTATCTAATCCCAGTTTG,E08,8,E
TAFIRI-2020.07.01-RUF08-B,2021-09-15,210914_NB501345_0171_AHT37VAFX2,Bristol Genomics,NextSeq 500,v2.5 Mid Output (2 x 150 bp),Kilombero_Tele02_Lib01_R1.fastq.gz,13a4abc2636eb96a0a1c556eb08e80f4,,Kilombero_Tele02_Lib01_R2.fastq.gz,68fcfb0399f50b72dd6e381b38ae5e03,,12S,tele02,lib1,1,pcr1,CAATAGGAAAACTCGTGCCAGCCACC,CAATAGGAGGGTATCTAATCCCAGTTTG,F08,8,F
TAFIRI-2020.07.01-RUF08-B,2021-09-15,210914_NB501345_0171_AHT37VAFX2,Bristol Genomics,NextSeq 500,v2.5 Mid Output (2 x 150 bp),Kilombero_Tele02_Lib01_R1.fastq.gz,13a4abc2636eb96a0a1c556eb08e80f4,,Kilombero_Tele02_Lib01_R2.fastq.gz,68fcfb0399f50b72dd6e381b38ae5e03,,12S,tele02,lib1,2,pcr1,GGATAAGAAAACTCGTGCCAGCCACC,GGATAAGAGGGTATCTAATCCCAGTTTG,G08,8,G
TAFIRI-2020.07.01-RUF08-B,2021-09-15,210914_NB501345_0171_AHT37VAFX2,Bristol Genomics,NextSeq 500,v2.5 Mid Output (2 x 150 bp),Kilombero_Tele02_Lib01_R1.fastq.gz,13a4abc2636eb96a0a1c556eb08e80f4,,Kilombero_Tele02_Lib01_R2.fastq.gz,68fcfb0399f50b72dd6e381b38ae5e03,,12S,tele02,lib1,3,pcr1,AAGTTAATAAACTCGTGCCAGCCACC,AAGTTAATGGGTATCTAATCCCAGTTTG,H08,8,H
TAFIRI-2020.07.01-RUF09-A,2021-09-15,210914_NB501345_0171_AHT37VAFX2,Bristol Genomics,NextSeq 500,v2.5 Mid Output (2 x 150 bp),Kilombero_Tele02_Lib01_R1.fastq.gz,13a4abc2636eb96a0a1c556eb08e80f4,,Kilombero_Tele02_Lib01_R2.fastq.gz,68fcfb0399f50b72dd6e381b38ae5e03,,12S,tele02,lib1,1,pcr1,TCTGTGGCAAACTCGTGCCAGCCACC,TCTGTGGCGGGTATCTAATCCCAGTTTG,A09,9,A
TAFIRI-2020.07.01-RUF09-A,2021-09-15,210914_NB501345_0171_AHT37VAFX2,Bristol Genomics,NextSeq 500,v2.5 Mid Output (2 x 150 bp),Kilombero_Tele02_Lib01_R1.fastq.gz,13a4abc2636eb96a0a1c556eb08e80f4,,Kilombero_Tele02_Lib01_R2.fastq.gz,68fcfb0399f50b72dd6e381b38ae5e03,,12S,tele02,lib1,2,pcr1,TTAATAAGAAACTCGTGCCAGCCACC,TTAATAAGGGGTATCTAATCCCAGTTTG,B09,9,B
TAFIRI-2020.07.01-RUF09-A,2021-09-15,210914_NB501345_0171_AHT37VAFX2,Bristol Genomics,NextSeq 500,v2.5 Mid Output (2 x 150 bp),Kilombero_Tele02_Lib01_R1.fastq.gz,13a4abc2636eb96a0a1c556eb08e80f4,,Kilombero_Tele02_Lib01_R2.fastq.gz,68fcfb0399f50b72dd6e381b38ae5e03,,12S,tele02,lib1,3,pcr1,TAACGAGAAAACTCGTGCCAGCCACC,TAACGAGAGGGTATCTAATCCCAGTTTG,C09,9,C
FieldBlank,2021-09-15,210914_NB501345_0171_AHT37VAFX2,Bristol Genomics,NextSeq 500,v2.5 Mid Output (2 x 150 bp),Kilombero_Tele02_Lib01_R1.fastq.gz,13a4abc2636eb96a0a1c556eb08e80f4,,Kilombero_Tele02_Lib01_R2.fastq.gz,68fcfb0399f50b72dd6e381b38ae5e03,,12S,tele02,lib1,FieldBlank,pcr1,AGGCACACAAACTCGTGCCAGCCACC,AGGCACACGGGTATCTAATCCCAGTTTG,D09,9,D
TAFIRI-2020.07.01-RUF10-A,2021-09-15,210914_NB501345_0171_AHT37VAFX2,Bristol Genomics,NextSeq 500,v2.5 Mid Output (2 x 150 bp),Kilombero_Tele02_Lib01_R1.fastq.gz,13a4abc2636eb96a0a1c556eb08e80f4,,Kilombero_Tele02_Lib01_R2.fastq.gz,68fcfb0399f50b72dd6e381b38ae5e03,,12S,tele02,lib1,1,pcr1,TTGCTATTAAACTCGTGCCAGCCACC,TTGCTATTGGGTATCTAATCCCAGTTTG,E09,9,E
TAFIRI-2020.07.01-RUF10-A,2021-09-15,210914_NB501345_0171_AHT37VAFX2,Bristol Genomics,NextSeq 500,v2.5 Mid Output (2 x 150 bp),Kilombero_Tele02_Lib01_R1.fastq.gz,13a4abc2636eb96a0a1c556eb08e80f4,,Kilombero_Tele02_Lib01_R2.fastq.gz,68fcfb0399f50b72dd6e381b38ae5e03,,12S,tele02,lib1,2,pcr1,GACTATCCAAACTCGTGCCAGCCACC,GACTATCCGGGTATCTAATCCCAGTTTG,F09,9,F
TAFIRI-2020.07.01-RUF10-A,2021-09-15,210914_NB501345_0171_AHT37VAFX2,Bristol Genomics,NextSeq 500,v2.5 Mid Output (2 x 150 bp),Kilombero_Tele02_Lib01_R1.fastq.gz,13a4abc2636eb96a0a1c556eb08e80f4,,Kilombero_Tele02_Lib01_R2.fastq.gz,68fcfb0399f50b72dd6e381b38ae5e03,,12S,tele02,lib1,3,pcr1,AACATTATAAACTCGTGCCAGCCACC,AACATTATGGGTATCTAATCCCAGTTTG,G09,9,G
TAFIRI-2020.07.01-RUF11-A,2021-09-15,210914_NB501345_0171_AHT37VAFX2,Bristol Genomics,NextSeq 500,v2.5 Mid Output (2 x 150 bp),Kilombero_Tele02_Lib01_R1.fastq.gz,13a4abc2636eb96a0a1c556eb08e80f4,,Kilombero_Tele02_Lib01_R2.fastq.gz,68fcfb0399f50b72dd6e381b38ae5e03,,12S,tele02,lib1,1,pcr1,CTTCAGGAAAACTCGTGCCAGCCACC,CTTCAGGAGGGTATCTAATCCCAGTTTG,H09,9,H
TAFIRI-2020.07.01-RUF11-A,2021-09-15,210914_NB501345_0171_AHT37VAFX2,Bristol Genomics,NextSeq 500,v2.5 Mid Output (2 x 150 bp),Kilombero_Tele02_Lib01_R1.fastq.gz,13a4abc2636eb96a0a1c556eb08e80f4,,Kilombero_Tele02_Lib01_R2.fastq.gz,68fcfb0399f50b72dd6e381b38ae5e03,,12S,tele02,lib1,2,pcr1,CGAAGGTTAAACTCGTGCCAGCCACC,CGAAGGTTGGGTATCTAATCCCAGTTTG,A10,10,A
TagBlank,2021-09-15,210914_NB501345_0171_AHT37VAFX2,Bristol Genomics,NextSeq 500,v2.5 Mid Output (2 x 150 bp),Kilombero_Tele02_Lib01_R1.fastq.gz,13a4abc2636eb96a0a1c556eb08e80f4,,Kilombero_Tele02_Lib01_R2.fastq.gz,68fcfb0399f50b72dd6e381b38ae5e03,,12S,tele02,lib1,TagBlank,pcr0,TCATCTTCAAACTCGTGCCAGCCACC,TCATCTTCGGGTATCTAATCCCAGTTTG,B10,10,B
TAFIRI-2020.07.02-RUF12-A,2021-09-15,210914_NB501345_0171_AHT37VAFX2,Bristol Genomics,NextSeq 500,v2.5 Mid Output (2 x 150 bp),Kilombero_Tele02_Lib01_R1.fastq.gz,13a4abc2636eb96a0a1c556eb08e80f4,,Kilombero_Tele02_Lib01_R2.fastq.gz,68fcfb0399f50b72dd6e381b38ae5e03,,12S,tele02,lib1,1,pcr1,CGGAAGAGAAACTCGTGCCAGCCACC,CGGAAGAGGGGTATCTAATCCCAGTTTG,C10,10,C
TAFIRI-2020.07.02-RUF12-A,2021-09-15,210914_NB501345_0171_AHT37VAFX2,Bristol Genomics,NextSeq 500,v2.5 Mid Output (2 x 150 bp),Kilombero_Tele02_Lib01_R1.fastq.gz,13a4abc2636eb96a0a1c556eb08e80f4,,Kilombero_Tele02_Lib01_R2.fastq.gz,68fcfb0399f50b72dd6e381b38ae5e03,,12S,tele02,lib1,2,pcr1,AGACCTGGAAACTCGTGCCAGCCACC,AGACCTGGGGGTATCTAATCCCAGTTTG,D10,10,D
TAFIRI-2020.07.02-RUF12-A,2021-09-15,210914_NB501345_0171_AHT37VAFX2,Bristol Genomics,NextSeq 500,v2.5 Mid Output (2 x 150 bp),Kilombero_Tele02_Lib01_R1.fastq.gz,13a4abc2636eb96a0a1c556eb08e80f4,,Kilombero_Tele02_Lib01_R2.fastq.gz,68fcfb0399f50b72dd6e381b38ae5e03,,12S,tele02,lib1,3,pcr1,TAGCAAGGAAACTCGTGCCAGCCACC,TAGCAAGGGGGTATCTAATCCCAGTTTG,E10,10,E
TAFIRI-2020.07.02-RUF13-A,2021-09-15,210914_NB501345_0171_AHT37VAFX2,Bristol Genomics,NextSeq 500,v2.5 Mid Output (2 x 150 bp),Kilombero_Tele02_Lib01_R1.fastq.gz,13a4abc2636eb96a0a1c556eb08e80f4,,Kilombero_Tele02_Lib01_R2.fastq.gz,68fcfb0399f50b72dd6e381b38ae5e03,,12S,tele02,lib1,1,pcr1,ATGCTCCAAAACTCGTGCCAGCCACC,ATGCTCCAGGGTATCTAATCCCAGTTTG,F10,10,F
TAFIRI-2020.07.02-RUF13-A,2021-09-15,210914_NB501345_0171_AHT37VAFX2,Bristol Genomics,NextSeq 500,v2.5 Mid Output (2 x 150 bp),Kilombero_Tele02_Lib01_R1.fastq.gz,13a4abc2636eb96a0a1c556eb08e80f4,,Kilombero_Tele02_Lib01_R2.fastq.gz,68fcfb0399f50b72dd6e381b38ae5e03,,12S,tele02,lib1,2,pcr1,CGAGCCGGAAACTCGTGCCAGCCACC,CGAGCCGGGGGTATCTAATCCCAGTTTG,G10,10,G
TAFIRI-2020.07.02-RUF13-A,2021-09-15,210914_NB501345_0171_AHT37VAFX2,Bristol Genomics,NextSeq 500,v2.5 Mid Output (2 x 150 bp),Kilombero_Tele02_Lib01_R1.fastq.gz,13a4abc2636eb96a0a1c556eb08e80f4,,Kilombero_Tele02_Lib01_R2.fastq.gz,68fcfb0399f50b72dd6e381b38ae5e03,,12S,tele02,lib1,3,pcr1,TGCGGAGAAAACTCGTGCCAGCCACC,TGCGGAGAGGGTATCTAATCCCAGTTTG,H10,10,H
ExtractionBlank,2021-09-15,210914_NB501345_0171_AHT37VAFX2,Bristol Genomics,NextSeq 500,v2.5 Mid Output (2 x 150 bp),Kilombero_Tele02_Lib01_R1.fastq.gz,13a4abc2636eb96a0a1c556eb08e80f4,,Kilombero_Tele02_Lib01_R2.fastq.gz,68fcfb0399f50b72dd6e381b38ae5e03,,12S,tele02,lib1,ExtractionBlank,pcr1,GAGAGACGAAACTCGTGCCAGCCACC,GAGAGACGGGGTATCTAATCCCAGTTTG,A11,11,A
TAFIRI-2020.07.01-RUF11-A,2021-09-15,210914_NB501345_0171_AHT37VAFX2,Bristol Genomics,NextSeq 500,v2.5 Mid Output (2 x 150 bp),Kilombero_Tele02_Lib01_R1.fastq.gz,13a4abc2636eb96a0a1c556eb08e80f4,,Kilombero_Tele02_Lib01_R2.fastq.gz,68fcfb0399f50b72dd6e381b38ae5e03,,12S,tele02,lib1,3,pcr1,GATCTAGCAAACTCGTGCCAGCCACC,GATCTAGCGGGTATCTAATCCCAGTTTG,B11,11,B
TAFIRI-2020.07.02-RUF14-A,2021-09-15,210914_NB501345_0171_AHT37VAFX2,Bristol Genomics,NextSeq 500,v2.5 Mid Output (2 x 150 bp),Kilombero_Tele02_Lib01_R1.fastq.gz,13a4abc2636eb96a0a1c556eb08e80f4,,Kilombero_Tele02_Lib01_R2.fastq.gz,68fcfb0399f50b72dd6e381b38ae5e03,,12S,tele02,lib1,1,pcr1,GGTATTCCAAACTCGTGCCAGCCACC,GGTATTCCGGGTATCTAATCCCAGTTTG,C11,11,C
TAFIRI-2020.07.02-RUF14-A,2021-09-15,210914_NB501345_0171_AHT37VAFX2,Bristol Genomics,NextSeq 500,v2.5 Mid Output (2 x 150 bp),Kilombero_Tele02_Lib01_R1.fastq.gz,13a4abc2636eb96a0a1c556eb08e80f4,,Kilombero_Tele02_Lib01_R2.fastq.gz,68fcfb0399f50b72dd6e381b38ae5e03,,12S,tele02,lib1,2,pcr1,GTGATGAGAAACTCGTGCCAGCCACC,GTGATGAGGGGTATCTAATCCCAGTTTG,D11,11,D
TAFIRI-2020.07.02-RUF14-A,2021-09-15,210914_NB501345_0171_AHT37VAFX2,Bristol Genomics,NextSeq 500,v2.5 Mid Output (2 x 150 bp),Kilombero_Tele02_Lib01_R1.fastq.gz,13a4abc2636eb96a0a1c556eb08e80f4,,Kilombero_Tele02_Lib01_R2.fastq.gz,68fcfb0399f50b72dd6e381b38ae5e03,,12S,tele02,lib1,3,pcr1,AAGGACTCAAACTCGTGCCAGCCACC,AAGGACTCGGGTATCTAATCCCAGTTTG,E11,11,E
TAFIRI-2020.07.02-RUF15-A,2021-09-15,210914_NB501345_0171_AHT37VAFX2,Bristol Genomics,NextSeq 500,v2.5 Mid Output (2 x 150 bp),Kilombero_Tele02_Lib01_R1.fastq.gz,13a4abc2636eb96a0a1c556eb08e80f4,,Kilombero_Tele02_Lib01_R2.fastq.gz,68fcfb0399f50b72dd6e381b38ae5e03,,12S,tele02,lib1,1,pcr1,AAGCGTCTAAACTCGTGCCAGCCACC,AAGCGTCTGGGTATCTAATCCCAGTTTG,F11,11,F
TAFIRI-2020.07.02-RUF15-A,2021-09-15,210914_NB501345_0171_AHT37VAFX2,Bristol Genomics,NextSeq 500,v2.5 Mid Output (2 x 150 bp),Kilombero_Tele02_Lib01_R1.fastq.gz,13a4abc2636eb96a0a1c556eb08e80f4,,Kilombero_Tele02_Lib01_R2.fastq.gz,68fcfb0399f50b72dd6e381b38ae5e03,,12S,tele02,lib1,2,pcr1,TAATTAGTAAACTCGTGCCAGCCACC,TAATTAGTGGGTATCTAATCCCAGTTTG,G11,11,G
TAFIRI-2020.07.02-RUF15-A,2021-09-15,210914_NB501345_0171_AHT37VAFX2,Bristol Genomics,NextSeq 500,v2.5 Mid Output (2 x 150 bp),Kilombero_Tele02_Lib01_R1.fastq.gz,13a4abc2636eb96a0a1c556eb08e80f4,,Kilombero_Tele02_Lib01_R2.fastq.gz,68fcfb0399f50b72dd6e381b38ae5e03,,12S,tele02,lib1,3,pcr1,GAGATATTAAACTCGTGCCAGCCACC,GAGATATTGGGTATCTAATCCCAGTTTG,H11,11,H
TAFIRI-2020.07.02-RUF16-A,2021-09-15,210914_NB501345_0171_AHT37VAFX2,Bristol Genomics,NextSeq 500,v2.5 Mid Output (2 x 150 bp),Kilombero_Tele02_Lib01_R1.fastq.gz,13a4abc2636eb96a0a1c556eb08e80f4,,Kilombero_Tele02_Lib01_R2.fastq.gz,68fcfb0399f50b72dd6e381b38ae5e03,,12S,tele02,lib1,1,pcr1,GTCGGTATAAACTCGTGCCAGCCACC,GTCGGTATGGGTATCTAATCCCAGTTTG,A12,12,A
TAFIRI-2020.07.02-RUF16-A,2021-09-15,210914_NB501345_0171_AHT37VAFX2,Bristol Genomics,NextSeq 500,v2.5 Mid Output (2 x 150 bp),Kilombero_Tele02_Lib01_R1.fastq.gz,13a4abc2636eb96a0a1c556eb08e80f4,,Kilombero_Tele02_Lib01_R2.fastq.gz,68fcfb0399f50b72dd6e381b38ae5e03,,12S,tele02,lib1,2,pcr1,GGACTACCAAACTCGTGCCAGCCACC,GGACTACCGGGTATCTAATCCCAGTTTG,B12,12,B
TAFIRI-2020.07.02-RUF16-A,2021-09-15,210914_NB501345_0171_AHT37VAFX2,Bristol Genomics,NextSeq 500,v2.5 Mid Output (2 x 150 bp),Kilombero_Tele02_Lib01_R1.fastq.gz,13a4abc2636eb96a0a1c556eb08e80f4,,Kilombero_Tele02_Lib01_R2.fastq.gz,68fcfb0399f50b72dd6e381b38ae5e03,,12S,tele02,lib1,3,pcr1,CAGGACCAAAACTCGTGCCAGCCACC,CAGGACCAGGGTATCTAATCCCAGTTTG,C12,12,C
TAFIRI-2020.07.03-RUF17-A,2021-09-15,210914_NB501345_0171_AHT37VAFX2,Bristol Genomics,NextSeq 500,v2.5 Mid Output (2 x 150 bp),Kilombero_Tele02_Lib01_R1.fastq.gz,13a4abc2636eb96a0a1c556eb08e80f4,,Kilombero_Tele02_Lib01_R2.fastq.gz,68fcfb0399f50b72dd6e381b38ae5e03,,12S,tele02,lib1,1,pcr1,AAGAAGGAAAACTCGTGCCAGCCACC,AAGAAGGAGGGTATCTAATCCCAGTTTG,D12,12,D
TAFIRI-2020.07.03-RUF17-A,2021-09-15,210914_NB501345_0171_AHT37VAFX2,Bristol Genomics,NextSeq 500,v2.5 Mid Output (2 x 150 bp),Kilombero_Tele02_Lib01_R1.fastq.gz,13a4abc2636eb96a0a1c556eb08e80f4,,Kilombero_Tele02_Lib01_R2.fastq.gz,68fcfb0399f50b72dd6e381b38ae5e03,,12S,tele02,lib1,2,pcr1,CGCGCGAAAAACTCGTGCCAGCCACC,CGCGCGAAGGGTATCTAATCCCAGTTTG,E12,12,E
TAFIRI-2020.07.03-RUF17-A,2021-09-15,210914_NB501345_0171_AHT37VAFX2,Bristol Genomics,NextSeq 500,v2.5 Mid Output (2 x 150 bp),Kilombero_Tele02_Lib01_R1.fastq.gz,13a4abc2636eb96a0a1c556eb08e80f4,,Kilombero_Tele02_Lib01_R2.fastq.gz,68fcfb0399f50b72dd6e381b38ae5e03,,12S,tele02,lib1,3,pcr1,GATACGCTAAACTCGTGCCAGCCACC,GATACGCTGGGTATCTAATCCCAGTTTG,F12,12,F
TAFIRI-2020.07.03-RUF17-B,2021-09-15,210914_NB501345_0171_AHT37VAFX2,Bristol Genomics,NextSeq 500,v2.5 Mid Output (2 x 150 bp),Kilombero_Tele02_Lib01_R1.fastq.gz,13a4abc2636eb96a0a1c556eb08e80f4,,Kilombero_Tele02_Lib01_R2.fastq.gz,68fcfb0399f50b72dd6e381b38ae5e03,,12S,tele02,lib1,1,pcr1,ATTCTTACAAACTCGTGCCAGCCACC,ATTCTTACGGGTATCTAATCCCAGTTTG,G12,12,G
TAFIRI-2020.07.03-RUF17-B,2021-09-15,210914_NB501345_0171_AHT37VAFX2,Bristol Genomics,NextSeq 500,v2.5 Mid Output (2 x 150 bp),Kilombero_Tele02_Lib01_R1.fastq.gz,13a4abc2636eb96a0a1c556eb08e80f4,,Kilombero_Tele02_Lib01_R2.fastq.gz,68fcfb0399f50b72dd6e381b38ae5e03,,12S,tele02,lib1,2,pcr1,TTCTAAGTAAACTCGTGCCAGCCACC,TTCTAAGTGGGTATCTAATCCCAGTTTG,H12,12,H
FieldBlank,2021-09-15,210914_NB501345_0171_AHT37VAFX2,Bristol Genomics,NextSeq 500,v2.5 Mid Output (2 x 150 bp),Kilombero_Tele02_Lib02_R1.fastq.gz,40c1f27b7cc9286a9751fdb4481f81ab,,Kilombero_Tele02_Lib02_R2.fastq.gz,183798b7e8d0a142471c41e985fc087d,,12S,tele02,lib2,FieldBlank,pcr1,AATATCGCAAACTCGTGCCAGCCACC,AATATCGCGGGTATCTAATCCCAGTTTG,A01,1,A
ExtractionBlank,2021-09-15,210914_NB501345_0171_AHT37VAFX2,Bristol Genomics,NextSeq 500,v2.5 Mid Output (2 x 150 bp),Kilombero_Tele02_Lib02_R1.fastq.gz,40c1f27b7cc9286a9751fdb4481f81ab,,Kilombero_Tele02_Lib02_R2.fastq.gz,183798b7e8d0a142471c41e985fc087d,,12S,tele02,lib2,ExtractionBlank,pcr1,TACTCGGAAAACTCGTGCCAGCCACC,TACTCGGAGGGTATCTAATCCCAGTTTG,B01,1,B
FieldBlank,2021-09-15,210914_NB501345_0171_AHT37VAFX2,Bristol Genomics,NextSeq 500,v2.5 Mid Output (2 x 150 bp),Kilombero_Tele02_Lib02_R1.fastq.gz,40c1f27b7cc9286a9751fdb4481f81ab,,Kilombero_Tele02_Lib02_R2.fastq.gz,183798b7e8d0a142471c41e985fc087d,,12S,tele02,lib2,FieldBlank,pcr1,GTCGCTGAAAACTCGTGCCAGCCACC,GTCGCTGAGGGTATCTAATCCCAGTTTG,C01,1,C
ExtractionBlank,2021-09-15,210914_NB501345_0171_AHT37VAFX2,Bristol Genomics,NextSeq 500,v2.5 Mid Output (2 x 150 bp),Kilombero_Tele02_Lib02_R1.fastq.gz,40c1f27b7cc9286a9751fdb4481f81ab,,Kilombero_Tele02_Lib02_R2.fastq.gz,183798b7e8d0a142471c41e985fc087d,,12S,tele02,lib2,ExtractionBlank,pcr1,GTTATATGAAACTCGTGCCAGCCACC,GTTATATGGGGTATCTAATCCCAGTTTG,D01,1,D
FieldBlank,2021-09-15,210914_NB501345_0171_AHT37VAFX2,Bristol Genomics,NextSeq 500,v2.5 Mid Output (2 x 150 bp),Kilombero_Tele02_Lib02_R1.fastq.gz,40c1f27b7cc9286a9751fdb4481f81ab,,Kilombero_Tele02_Lib02_R2.fastq.gz,183798b7e8d0a142471c41e985fc087d,,12S,tele02,lib2,FieldBlank,pcr1,GGTAGAGCAAACTCGTGCCAGCCACC,GGTAGAGCGGGTATCTAATCCCAGTTTG,E01,1,E
ExtractionBlank,2021-09-15,210914_NB501345_0171_AHT37VAFX2,Bristol Genomics,NextSeq 500,v2.5 Mid Output (2 x 150 bp),Kilombero_Tele02_Lib02_R1.fastq.gz,40c1f27b7cc9286a9751fdb4481f81ab,,Kilombero_Tele02_Lib02_R2.fastq.gz,183798b7e8d0a142471c41e985fc087d,,12S,tele02,lib2,ExtractionBlank,pcr1,ATAGACGAAAACTCGTGCCAGCCACC,ATAGACGAGGGTATCTAATCCCAGTTTG,F01,1,F
FieldBlank,2021-09-15,210914_NB501345_0171_AHT37VAFX2,Bristol Genomics,NextSeq 500,v2.5 Mid Output (2 x 150 bp),Kilombero_Tele02_Lib02_R1.fastq.gz,40c1f27b7cc9286a9751fdb4481f81ab,,Kilombero_Tele02_Lib02_R2.fastq.gz,183798b7e8d0a142471c41e985fc087d,,12S,tele02,lib2,FieldBlank,pcr1,CAACCTAGAAACTCGTGCCAGCCACC,CAACCTAGGGGTATCTAATCCCAGTTTG,G01,1,G
ExtractionBlank,2021-09-15,210914_NB501345_0171_AHT37VAFX2,Bristol Genomics,NextSeq 500,v2.5 Mid Output (2 x 150 bp),Kilombero_Tele02_Lib02_R1.fastq.gz,40c1f27b7cc9286a9751fdb4481f81ab,,Kilombero_Tele02_Lib02_R2.fastq.gz,183798b7e8d0a142471c41e985fc087d,,12S,tele02,lib2,ExtractionBlank,pcr1,AGCCGGCCAAACTCGTGCCAGCCACC,AGCCGGCCGGGTATCTAATCCCAGTTTG,H01,1,H
TAFIRI-2020.07.03-RUF17-B,2021-09-15,210914_NB501345_0171_AHT37VAFX2,Bristol Genomics,NextSeq 500,v2.5 Mid Output (2 x 150 bp),Kilombero_Tele02_Lib02_R1.fastq.gz,40c1f27b7cc9286a9751fdb4481f81ab,,Kilombero_Tele02_Lib02_R2.fastq.gz,183798b7e8d0a142471c41e985fc087d,,12S,tele02,lib2,3,pcr1,AGATGGTCAAACTCGTGCCAGCCACC,AGATGGTCGGGTATCTAATCCCAGTTTG,A02,2,A
TAFIRI-2020.07.03-RUF18-A,2021-09-15,210914_NB501345_0171_AHT37VAFX2,Bristol Genomics,NextSeq 500,v2.5 Mid Output (2 x 150 bp),Kilombero_Tele02_Lib02_R1.fastq.gz,40c1f27b7cc9286a9751fdb4481f81ab,,Kilombero_Tele02_Lib02_R2.fastq.gz,183798b7e8d0a142471c41e985fc087d,,12S,tele02,lib2,1,pcr1,CACCACTTAAACTCGTGCCAGCCACC,CACCACTTGGGTATCTAATCCCAGTTTG,B02,2,B
TAFIRI-2020.07.03-RUF18-A,2021-09-15,210914_NB501345_0171_AHT37VAFX2,Bristol Genomics,NextSeq 500,v2.5 Mid Output (2 x 150 bp),Kilombero_Tele02_Lib02_R1.fastq.gz,40c1f27b7cc9286a9751fdb4481f81ab,,Kilombero_Tele02_Lib02_R2.fastq.gz,183798b7e8d0a142471c41e985fc087d,,12S,tele02,lib2,2,pcr1,CAATGACTAAACTCGTGCCAGCCACC,CAATGACTGGGTATCTAATCCCAGTTTG,C02,2,C
TAFIRI-2020.07.03-RUF18-A,2021-09-15,210914_NB501345_0171_AHT37VAFX2,Bristol Genomics,NextSeq 500,v2.5 Mid Output (2 x 150 bp),Kilombero_Tele02_Lib02_R1.fastq.gz,40c1f27b7cc9286a9751fdb4481f81ab,,Kilombero_Tele02_Lib02_R2.fastq.gz,183798b7e8d0a142471c41e985fc087d,,12S,tele02,lib2,3,pcr1,TAAGCGTGAAACTCGTGCCAGCCACC,TAAGCGTGGGGTATCTAATCCCAGTTTG,D02,2,D
TAFIRI-2020.07.03-RUF10-B,2021-09-15,210914_NB501345_0171_AHT37VAFX2,Bristol Genomics,NextSeq 500,v2.5 Mid Output (2 x 150 bp),Kilombero_Tele02_Lib02_R1.fastq.gz,40c1f27b7cc9286a9751fdb4481f81ab,,Kilombero_Tele02_Lib02_R2.fastq.gz,183798b7e8d0a142471c41e985fc087d,,12S,tele02,lib2,1,pcr1,TCTCGCTAAAACTCGTGCCAGCCACC,TCTCGCTAGGGTATCTAATCCCAGTTTG,E02,2,E
TAFIRI-2020.07.03-RUF10-B,2021-09-15,210914_NB501345_0171_AHT37VAFX2,Bristol Genomics,NextSeq 500,v2.5 Mid Output (2 x 150 bp),Kilombero_Tele02_Lib02_R1.fastq.gz,40c1f27b7cc9286a9751fdb4481f81ab,,Kilombero_Tele02_Lib02_R2.fastq.gz,183798b7e8d0a142471c41e985fc087d,,12S,tele02,lib2,2,pcr1,TACATGAAAAACTCGTGCCAGCCACC,TACATGAAGGGTATCTAATCCCAGTTTG,F02,2,F
FieldBlank,2021-09-15,210914_NB501345_0171_AHT37VAFX2,Bristol Genomics,NextSeq 500,v2.5 Mid Output (2 x 150 bp),Kilombero_Tele02_Lib02_R1.fastq.gz,40c1f27b7cc9286a9751fdb4481f81ab,,Kilombero_Tele02_Lib02_R2.fastq.gz,183798b7e8d0a142471c41e985fc087d,,12S,tele02,lib2,FieldBlank,pcr1,ACGATATAAAACTCGTGCCAGCCACC,ACGATATAGGGTATCTAATCCCAGTTTG,G02,2,G
TAFIRI-2020.07.03-RUF10-B,2021-09-15,210914_NB501345_0171_AHT37VAFX2,Bristol Genomics,NextSeq 500,v2.5 Mid Output (2 x 150 bp),Kilombero_Tele02_Lib02_R1.fastq.gz,40c1f27b7cc9286a9751fdb4481f81ab,,Kilombero_Tele02_Lib02_R2.fastq.gz,183798b7e8d0a142471c41e985fc087d,,12S,tele02,lib2,3,pcr1,TAGACTATAAACTCGTGCCAGCCACC,TAGACTATGGGTATCTAATCCCAGTTTG,H02,2,H
TAFIRI-2020.07.03-RUF19-A,2021-09-15,210914_NB501345_0171_AHT37VAFX2,Bristol Genomics,NextSeq 500,v2.5 Mid Output (2 x 150 bp),Kilombero_Tele02_Lib02_R1.fastq.gz,40c1f27b7cc9286a9751fdb4481f81ab,,Kilombero_Tele02_Lib02_R2.fastq.gz,183798b7e8d0a142471c41e985fc087d,,12S,tele02,lib2,1,pcr1,ACAGTTGAAAACTCGTGCCAGCCACC,ACAGTTGAGGGTATCTAATCCCAGTTTG,A03,3,A
TAFIRI-2020.07.03-RUF19-A,2021-09-15,210914_NB501345_0171_AHT37VAFX2,Bristol Genomics,NextSeq 500,v2.5 Mid Output (2 x 150 bp),Kilombero_Tele02_Lib02_R1.fastq.gz,40c1f27b7cc9286a9751fdb4481f81ab,,Kilombero_Tele02_Lib02_R2.fastq.gz,183798b7e8d0a142471c41e985fc087d,,12S,tele02,lib2,2,pcr1,CGTAAGTCAAACTCGTGCCAGCCACC,CGTAAGTCGGGTATCTAATCCCAGTTTG,B03,3,B
TAFIRI-2020.07.03-RUF19-A,2021-09-15,210914_NB501345_0171_AHT37VAFX2,Bristol Genomics,NextSeq 500,v2.5 Mid Output (2 x 150 bp),Kilombero_Tele02_Lib02_R1.fastq.gz,40c1f27b7cc9286a9751fdb4481f81ab,,Kilombero_Tele02_Lib02_R2.fastq.gz,183798b7e8d0a142471c41e985fc087d,,12S,tele02,lib2,3,pcr1,GTCGAATGAAACTCGTGCCAGCCACC,GTCGAATGGGGTATCTAATCCCAGTTTG,C03,3,C
TAFIRI-2020.07.03-RUF02-D,2021-09-15,210914_NB501345_0171_AHT37VAFX2,Bristol Genomics,NextSeq 500,v2.5 Mid Output (2 x 150 bp),Kilombero_Tele02_Lib02_R1.fastq.gz,40c1f27b7cc9286a9751fdb4481f81ab,,Kilombero_Tele02_Lib02_R2.fastq.gz,183798b7e8d0a142471c41e985fc087d,,12S,tele02,lib2,1,pcr1,AGCCATGTAAACTCGTGCCAGCCACC,AGCCATGTGGGTATCTAATCCCAGTTTG,D03,3,D
TAFIRI-2020.07.03-RUF02-D,2021-09-15,210914_NB501345_0171_AHT37VAFX2,Bristol Genomics,NextSeq 500,v2.5 Mid Output (2 x 150 bp),Kilombero_Tele02_Lib02_R1.fastq.gz,40c1f27b7cc9286a9751fdb4481f81ab,,Kilombero_Tele02_Lib02_R2.fastq.gz,183798b7e8d0a142471c41e985fc087d,,12S,tele02,lib2,2,pcr1,GTGGTACCAAACTCGTGCCAGCCACC,GTGGTACCGGGTATCTAATCCCAGTTTG,E03,3,E
TAFIRI-2020.07.03-RUF02-D,2021-09-15,210914_NB501345_0171_AHT37VAFX2,Bristol Genomics,NextSeq 500,v2.5 Mid Output (2 x 150 bp),Kilombero_Tele02_Lib02_R1.fastq.gz,40c1f27b7cc9286a9751fdb4481f81ab,,Kilombero_Tele02_Lib02_R2.fastq.gz,183798b7e8d0a142471c41e985fc087d,,12S,tele02,lib2,3,pcr1,GAGCTTAAAAACTCGTGCCAGCCACC,GAGCTTAAGGGTATCTAATCCCAGTTTG,F03,3,F
TAFIRI-2020.07.04-RUF02-E,2021-09-15,210914_NB501345_0171_AHT37VAFX2,Bristol Genomics,NextSeq 500,v2.5 Mid Output (2 x 150 bp),Kilombero_Tele02_Lib02_R1.fastq.gz,40c1f27b7cc9286a9751fdb4481f81ab,,Kilombero_Tele02_Lib02_R2.fastq.gz,183798b7e8d0a142471c41e985fc087d,,12S,tele02,lib2,1,pcr1,TAGATCAGAAACTCGTGCCAGCCACC,TAGATCAGGGGTATCTAATCCCAGTTTG,G03,3,G
TAFIRI-2020.07.04-RUF02-E,2021-09-15,210914_NB501345_0171_AHT37VAFX2,Bristol Genomics,NextSeq 500,v2.5 Mid Output (2 x 150 bp),Kilombero_Tele02_Lib02_R1.fastq.gz,40c1f27b7cc9286a9751fdb4481f81ab,,Kilombero_Tele02_Lib02_R2.fastq.gz,183798b7e8d0a142471c41e985fc087d,,12S,tele02,lib2,2,pcr1,CAGCATATAAACTCGTGCCAGCCACC,CAGCATATGGGTATCTAATCCCAGTTTG,H03,3,H
TAFIRI-2020.07.04-RUF02-E,2021-09-15,210914_NB501345_0171_AHT37VAFX2,Bristol Genomics,NextSeq 500,v2.5 Mid Output (2 x 150 bp),Kilombero_Tele02_Lib02_R1.fastq.gz,40c1f27b7cc9286a9751fdb4481f81ab,,Kilombero_Tele02_Lib02_R2.fastq.gz,183798b7e8d0a142471c41e985fc087d,,12S,tele02,lib2,3,pcr1,CACAGATTAAACTCGTGCCAGCCACC,CACAGATTGGGTATCTAATCCCAGTTTG,A04,4,A
TAFIRI-2020.07.04-RUF02-F,2021-09-15,210914_NB501345_0171_AHT37VAFX2,Bristol Genomics,NextSeq 500,v2.5 Mid Output (2 x 150 bp),Kilombero_Tele02_Lib02_R1.fastq.gz,40c1f27b7cc9286a9751fdb4481f81ab,,Kilombero_Tele02_Lib02_R2.fastq.gz,183798b7e8d0a142471c41e985fc087d,,12S,tele02,lib2,1,pcr1,AACAAGCCAAACTCGTGCCAGCCACC,AACAAGCCGGGTATCTAATCCCAGTTTG,B04,4,B
TAFIRI-2020.07.04-RUF02-F,2021-09-15,210914_NB501345_0171_AHT37VAFX2,Bristol Genomics,NextSeq 500,v2.5 Mid Output (2 x 150 bp),Kilombero_Tele02_Lib02_R1.fastq.gz,40c1f27b7cc9286a9751fdb4481f81ab,,Kilombero_Tele02_Lib02_R2.fastq.gz,183798b7e8d0a142471c41e985fc087d,,12S,tele02,lib2,2,pcr1,AGGCGCTTAAACTCGTGCCAGCCACC,AGGCGCTTGGGTATCTAATCCCAGTTTG,C04,4,C
TAFIRI-2020.07.04-RUF02-F,2021-09-15,210914_NB501345_0171_AHT37VAFX2,Bristol Genomics,NextSeq 500,v2.5 Mid Output (2 x 150 bp),Kilombero_Tele02_Lib02_R1.fastq.gz,40c1f27b7cc9286a9751fdb4481f81ab,,Kilombero_Tele02_Lib02_R2.fastq.gz,183798b7e8d0a142471c41e985fc087d,,12S,tele02,lib2,3,pcr1,AAGTGATGAAACTCGTGCCAGCCACC,AAGTGATGGGGTATCTAATCCCAGTTTG,D04,4,D
TAFIRI-2020.07.04-RUF02-G,2021-09-15,210914_NB501345_0171_AHT37VAFX2,Bristol Genomics,NextSeq 500,v2.5 Mid Output (2 x 150 bp),Kilombero_Tele02_Lib02_R1.fastq.gz,40c1f27b7cc9286a9751fdb4481f81ab,,Kilombero_Tele02_Lib02_R2.fastq.gz,183798b7e8d0a142471c41e985fc087d,,12S,tele02,lib2,1,pcr1,CCGTGACGAAACTCGTGCCAGCCACC,CCGTGACGGGGTATCTAATCCCAGTTTG,E04,4,E
TAFIRI-2020.07.04-RUF02-G,2021-09-15,210914_NB501345_0171_AHT37VAFX2,Bristol Genomics,NextSeq 500,v2.5 Mid Output (2 x 150 bp),Kilombero_Tele02_Lib02_R1.fastq.gz,40c1f27b7cc9286a9751fdb4481f81ab,,Kilombero_Tele02_Lib02_R2.fastq.gz,183798b7e8d0a142471c41e985fc087d,,12S,tele02,lib2,2,pcr1,CCGCTCAGAAACTCGTGCCAGCCACC,CCGCTCAGGGGTATCTAATCCCAGTTTG,F04,4,F
TAFIRI-2020.07.04-RUF02-G,2021-09-15,210914_NB501345_0171_AHT37VAFX2,Bristol Genomics,NextSeq 500,v2.5 Mid Output (2 x 150 bp),Kilombero_Tele02_Lib02_R1.fastq.gz,40c1f27b7cc9286a9751fdb4481f81ab,,Kilombero_Tele02_Lib02_R2.fastq.gz,183798b7e8d0a142471c41e985fc087d,,12S,tele02,lib2,3,pcr1,AACAGGAGAAACTCGTGCCAGCCACC,AACAGGAGGGGTATCTAATCCCAGTTTG,G04,4,G
TAFIRI-2020.07.04-RUF02-H,2021-09-15,210914_NB501345_0171_AHT37VAFX2,Bristol Genomics,NextSeq 500,v2.5 Mid Output (2 x 150 bp),Kilombero_Tele02_Lib02_R1.fastq.gz,40c1f27b7cc9286a9751fdb4481f81ab,,Kilombero_Tele02_Lib02_R2.fastq.gz,183798b7e8d0a142471c41e985fc087d,,12S,tele02,lib2,1,pcr1,CCATGCGCAAACTCGTGCCAGCCACC,CCATGCGCGGGTATCTAATCCCAGTTTG,H04,4,H
TAFIRI-2020.07.04-RUF02-H,2021-09-15,210914_NB501345_0171_AHT37VAFX2,Bristol Genomics,NextSeq 500,v2.5 Mid Output (2 x 150 bp),Kilombero_Tele02_Lib02_R1.fastq.gz,40c1f27b7cc9286a9751fdb4481f81ab,,Kilombero_Tele02_Lib02_R2.fastq.gz,183798b7e8d0a142471c41e985fc087d,,12S,tele02,lib2,2,pcr1,GTCCACGAAAACTCGTGCCAGCCACC,GTCCACGAGGGTATCTAATCCCAGTTTG,A05,5,A
TAFIRI-2020.07.04-RUF02-H,2021-09-15,210914_NB501345_0171_AHT37VAFX2,Bristol Genomics,NextSeq 500,v2.5 Mid Output (2 x 150 bp),Kilombero_Tele02_Lib02_R1.fastq.gz,40c1f27b7cc9286a9751fdb4481f81ab,,Kilombero_Tele02_Lib02_R2.fastq.gz,183798b7e8d0a142471c41e985fc087d,,12S,tele02,lib2,3,pcr1,ACAGCTCGAAACTCGTGCCAGCCACC,ACAGCTCGGGGTATCTAATCCCAGTTTG,B05,5,B
TAFIRI-2020.07.04-RUF02-I,2021-09-15,210914_NB501345_0171_AHT37VAFX2,Bristol Genomics,NextSeq 500,v2.5 Mid Output (2 x 150 bp),Kilombero_Tele02_Lib02_R1.fastq.gz,40c1f27b7cc9286a9751fdb4481f81ab,,Kilombero_Tele02_Lib02_R2.fastq.gz,183798b7e8d0a142471c41e985fc087d,,12S,tele02,lib2,1,pcr1,AGCTACAGAAACTCGTGCCAGCCACC,AGCTACAGGGGTATCTAATCCCAGTTTG,C05,5,C
TAFIRI-2020.07.04-RUF02-I,2021-09-15,210914_NB501345_0171_AHT37VAFX2,Bristol Genomics,NextSeq 500,v2.5 Mid Output (2 x 150 bp),Kilombero_Tele02_Lib02_R1.fastq.gz,40c1f27b7cc9286a9751fdb4481f81ab,,Kilombero_Tele02_Lib02_R2.fastq.gz,183798b7e8d0a142471c41e985fc087d,,12S,tele02,lib2,2,pcr1,GATCTGTTAAACTCGTGCCAGCCACC,GATCTGTTGGGTATCTAATCCCAGTTTG,D05,5,D
TAFIRI-2020.07.04-RUF02-I,2021-09-15,210914_NB501345_0171_AHT37VAFX2,Bristol Genomics,NextSeq 500,v2.5 Mid Output (2 x 150 bp),Kilombero_Tele02_Lib02_R1.fastq.gz,40c1f27b7cc9286a9751fdb4481f81ab,,Kilombero_Tele02_Lib02_R2.fastq.gz,183798b7e8d0a142471c41e985fc087d,,12S,tele02,lib2,3,pcr1,TATGTTATAAACTCGTGCCAGCCACC,TATGTTATGGGTATCTAATCCCAGTTTG,E05,5,E
TAFIRI-2020.07.04-RUF02-J,2021-09-15,210914_NB501345_0171_AHT37VAFX2,Bristol Genomics,NextSeq 500,v2.5 Mid Output (2 x 150 bp),Kilombero_Tele02_Lib02_R1.fastq.gz,40c1f27b7cc9286a9751fdb4481f81ab,,Kilombero_Tele02_Lib02_R2.fastq.gz,183798b7e8d0a142471c41e985fc087d,,12S,tele02,lib2,1,pcr1,CGGTCTCAAAACTCGTGCCAGCCACC,CGGTCTCAGGGTATCTAATCCCAGTTTG,F05,5,F
TAFIRI-2020.07.04-RUF02-J,2021-09-15,210914_NB501345_0171_AHT37VAFX2,Bristol Genomics,NextSeq 500,v2.5 Mid Output (2 x 150 bp),Kilombero_Tele02_Lib02_R1.fastq.gz,40c1f27b7cc9286a9751fdb4481f81ab,,Kilombero_Tele02_Lib02_R2.fastq.gz,183798b7e8d0a142471c41e985fc087d,,12S,tele02,lib2,2,pcr1,TACGGCAAAAACTCGTGCCAGCCACC,TACGGCAAGGGTATCTAATCCCAGTTTG,G05,5,G
TagBlank,2021-09-15,210914_NB501345_0171_AHT37VAFX2,Bristol Genomics,NextSeq 500,v2.5 Mid Output (2 x 150 bp),Kilombero_Tele02_Lib02_R1.fastq.gz,40c1f27b7cc9286a9751fdb4481f81ab,,Kilombero_Tele02_Lib02_R2.fastq.gz,183798b7e8d0a142471c41e985fc087d,,12S,tele02,lib2,TagBlank,pcr0,AATAACTTAAACTCGTGCCAGCCACC,AATAACTTGGGTATCTAATCCCAGTTTG,H05,5,H
TAFIRI-2020.07.04-RUF02-J,2021-09-15,210914_NB501345_0171_AHT37VAFX2,Bristol Genomics,NextSeq 500,v2.5 Mid Output (2 x 150 bp),Kilombero_Tele02_Lib02_R1.fastq.gz,40c1f27b7cc9286a9751fdb4481f81ab,,Kilombero_Tele02_Lib02_R2.fastq.gz,183798b7e8d0a142471c41e985fc087d,,12S,tele02,lib2,3,pcr1,CATATTAAAAACTCGTGCCAGCCACC,CATATTAAGGGTATCTAATCCCAGTTTG,A06,6,A
TAFIRI-2020.07.04-RUF20-A,2021-09-15,210914_NB501345_0171_AHT37VAFX2,Bristol Genomics,NextSeq 500,v2.5 Mid Output (2 x 150 bp),Kilombero_Tele02_Lib02_R1.fastq.gz,40c1f27b7cc9286a9751fdb4481f81ab,,Kilombero_Tele02_Lib02_R2.fastq.gz,183798b7e8d0a142471c41e985fc087d,,12S,tele02,lib2,1,pcr1,TCGCTTATAAACTCGTGCCAGCCACC,TCGCTTATGGGTATCTAATCCCAGTTTG,B06,6,B
TAFIRI-2020.07.04-RUF20-A,2021-09-15,210914_NB501345_0171_AHT37VAFX2,Bristol Genomics,NextSeq 500,v2.5 Mid Output (2 x 150 bp),Kilombero_Tele02_Lib02_R1.fastq.gz,40c1f27b7cc9286a9751fdb4481f81ab,,Kilombero_Tele02_Lib02_R2.fastq.gz,183798b7e8d0a142471c41e985fc087d,,12S,tele02,lib2,2,pcr1,GTCTCCAAAAACTCGTGCCAGCCACC,GTCTCCAAGGGTATCTAATCCCAGTTTG,C06,6,C
TAFIRI-2020.07.04-RUF20-A,2021-09-15,210914_NB501345_0171_AHT37VAFX2,Bristol Genomics,NextSeq 500,v2.5 Mid Output (2 x 150 bp),Kilombero_Tele02_Lib02_R1.fastq.gz,40c1f27b7cc9286a9751fdb4481f81ab,,Kilombero_Tele02_Lib02_R2.fastq.gz,183798b7e8d0a142471c41e985fc087d,,12S,tele02,lib2,3,pcr1,AAGCAATTAAACTCGTGCCAGCCACC,AAGCAATTGGGTATCTAATCCCAGTTTG,D06,6,D
TAFIRI-2020.07.04-RUF07-B,2021-09-15,210914_NB501345_0171_AHT37VAFX2,Bristol Genomics,NextSeq 500,v2.5 Mid Output (2 x 150 bp),Kilombero_Tele02_Lib02_R1.fastq.gz,40c1f27b7cc9286a9751fdb4481f81ab,,Kilombero_Tele02_Lib02_R2.fastq.gz,183798b7e8d0a142471c41e985fc087d,,12S,tele02,lib2,1,pcr1,AACGGCGGAAACTCGTGCCAGCCACC,AACGGCGGGGGTATCTAATCCCAGTTTG,E06,6,E
TAFIRI-2020.07.04-RUF07-B,2021-09-15,210914_NB501345_0171_AHT37VAFX2,Bristol Genomics,NextSeq 500,v2.5 Mid Output (2 x 150 bp),Kilombero_Tele02_Lib02_R1.fastq.gz,40c1f27b7cc9286a9751fdb4481f81ab,,Kilombero_Tele02_Lib02_R2.fastq.gz,183798b7e8d0a142471c41e985fc087d,,12S,tele02,lib2,2,pcr1,GCAATTCAAAACTCGTGCCAGCCACC,GCAATTCAGGGTATCTAATCCCAGTTTG,F06,6,F
TAFIRI-2020.07.04-RUF07-B,2021-09-15,210914_NB501345_0171_AHT37VAFX2,Bristol Genomics,NextSeq 500,v2.5 Mid Output (2 x 150 bp),Kilombero_Tele02_Lib02_R1.fastq.gz,40c1f27b7cc9286a9751fdb4481f81ab,,Kilombero_Tele02_Lib02_R2.fastq.gz,183798b7e8d0a142471c41e985fc087d,,12S,tele02,lib2,3,pcr1,TAGTCTCCAAACTCGTGCCAGCCACC,TAGTCTCCGGGTATCTAATCCCAGTTTG,G06,6,G
TAFIRI-2020.07.23-RUF21-A,2021-09-15,210914_NB501345_0171_AHT37VAFX2,Bristol Genomics,NextSeq 500,v2.5 Mid Output (2 x 150 bp),Kilombero_Tele02_Lib02_R1.fastq.gz,40c1f27b7cc9286a9751fdb4481f81ab,,Kilombero_Tele02_Lib02_R2.fastq.gz,183798b7e8d0a142471c41e985fc087d,,12S,tele02,lib2,1,pcr1,AACGCTAAAAACTCGTGCCAGCCACC,AACGCTAAGGGTATCTAATCCCAGTTTG,H06,6,H
TAFIRI-2020.07.23-RUF21-A,2021-09-15,210914_NB501345_0171_AHT37VAFX2,Bristol Genomics,NextSeq 500,v2.5 Mid Output (2 x 150 bp),Kilombero_Tele02_Lib02_R1.fastq.gz,40c1f27b7cc9286a9751fdb4481f81ab,,Kilombero_Tele02_Lib02_R2.fastq.gz,183798b7e8d0a142471c41e985fc087d,,12S,tele02,lib2,2,pcr1,AGTCCGGCAAACTCGTGCCAGCCACC,AGTCCGGCGGGTATCTAATCCCAGTTTG,A07,7,A
TAFIRI-2020.07.23-RUF21-A,2021-09-15,210914_NB501345_0171_AHT37VAFX2,Bristol Genomics,NextSeq 500,v2.5 Mid Output (2 x 150 bp),Kilombero_Tele02_Lib02_R1.fastq.gz,40c1f27b7cc9286a9751fdb4481f81ab,,Kilombero_Tele02_Lib02_R2.fastq.gz,183798b7e8d0a142471c41e985fc087d,,12S,tele02,lib2,3,pcr1,TAGGTGCCAAACTCGTGCCAGCCACC,TAGGTGCCGGGTATCTAATCCCAGTTTG,B07,7,B
TAFIRI-2020.07.23-RUF21-B,2021-09-15,210914_NB501345_0171_AHT37VAFX2,Bristol Genomics,NextSeq 500,v2.5 Mid Output (2 x 150 bp),Kilombero_Tele02_Lib02_R1.fastq.gz,40c1f27b7cc9286a9751fdb4481f81ab,,Kilombero_Tele02_Lib02_R2.fastq.gz,183798b7e8d0a142471c41e985fc087d,,12S,tele02,lib2,1,pcr1,TCGTGCAGAAACTCGTGCCAGCCACC,TCGTGCAGGGGTATCTAATCCCAGTTTG,C07,7,C
TAFIRI-2020.07.23-RUF21-B,2021-09-15,210914_NB501345_0171_AHT37VAFX2,Bristol Genomics,NextSeq 500,v2.5 Mid Output (2 x 150 bp),Kilombero_Tele02_Lib02_R1.fastq.gz,40c1f27b7cc9286a9751fdb4481f81ab,,Kilombero_Tele02_Lib02_R2.fastq.gz,183798b7e8d0a142471c41e985fc087d,,12S,tele02,lib2,2,pcr1,AACTGCATAAACTCGTGCCAGCCACC,AACTGCATGGGTATCTAATCCCAGTTTG,D07,7,D
TAFIRI-2020.07.23-RUF21-B,2021-09-15,210914_NB501345_0171_AHT37VAFX2,Bristol Genomics,NextSeq 500,v2.5 Mid Output (2 x 150 bp),Kilombero_Tele02_Lib02_R1.fastq.gz,40c1f27b7cc9286a9751fdb4481f81ab,,Kilombero_Tele02_Lib02_R2.fastq.gz,183798b7e8d0a142471c41e985fc087d,,12S,tele02,lib2,3,pcr1,AACAGCTCAAACTCGTGCCAGCCACC,AACAGCTCGGGTATCTAATCCCAGTTTG,E07,7,E
TAFIRI-2020.07.23-RUF22-A,2021-09-15,210914_NB501345_0171_AHT37VAFX2,Bristol Genomics,NextSeq 500,v2.5 Mid Output (2 x 150 bp),Kilombero_Tele02_Lib02_R1.fastq.gz,40c1f27b7cc9286a9751fdb4481f81ab,,Kilombero_Tele02_Lib02_R2.fastq.gz,183798b7e8d0a142471c41e985fc087d,,12S,tele02,lib2,1,pcr1,ACGGAACCAAACTCGTGCCAGCCACC,ACGGAACCGGGTATCTAATCCCAGTTTG,F07,7,F
TAFIRI-2020.07.23-RUF22-A,2021-09-15,210914_NB501345_0171_AHT37VAFX2,Bristol Genomics,NextSeq 500,v2.5 Mid Output (2 x 150 bp),Kilombero_Tele02_Lib02_R1.fastq.gz,40c1f27b7cc9286a9751fdb4481f81ab,,Kilombero_Tele02_Lib02_R2.fastq.gz,183798b7e8d0a142471c41e985fc087d,,12S,tele02,lib2,2,pcr1,ACGATTAGAAACTCGTGCCAGCCACC,ACGATTAGGGGTATCTAATCCCAGTTTG,G07,7,G
TAFIRI-2020.07.23-RUF22-A,2021-09-15,210914_NB501345_0171_AHT37VAFX2,Bristol Genomics,NextSeq 500,v2.5 Mid Output (2 x 150 bp),Kilombero_Tele02_Lib02_R1.fastq.gz,40c1f27b7cc9286a9751fdb4481f81ab,,Kilombero_Tele02_Lib02_R2.fastq.gz,183798b7e8d0a142471c41e985fc087d,,12S,tele02,lib2,3,pcr1,ACAAGACTAAACTCGTGCCAGCCACC,ACAAGACTGGGTATCTAATCCCAGTTTG,H07,7,H
TAFIRI-2020.07.23-RUF23-A,2021-09-15,210914_NB501345_0171_AHT37VAFX2,Bristol Genomics,NextSeq 500,v2.5 Mid Output (2 x 150 bp),Kilombero_Tele02_Lib02_R1.fastq.gz,40c1f27b7cc9286a9751fdb4481f81ab,,Kilombero_Tele02_Lib02_R2.fastq.gz,183798b7e8d0a142471c41e985fc087d,,12S,tele02,lib2,1,pcr1,GCACTGGAAAACTCGTGCCAGCCACC,GCACTGGAGGGTATCTAATCCCAGTTTG,A08,8,A
TAFIRI-2020.07.23-RUF23-A,2021-09-15,210914_NB501345_0171_AHT37VAFX2,Bristol Genomics,NextSeq 500,v2.5 Mid Output (2 x 150 bp),Kilombero_Tele02_Lib02_R1.fastq.gz,40c1f27b7cc9286a9751fdb4481f81ab,,Kilombero_Tele02_Lib02_R2.fastq.gz,183798b7e8d0a142471c41e985fc087d,,12S,tele02,lib2,2,pcr1,TTACCTGTAAACTCGTGCCAGCCACC,TTACCTGTGGGTATCTAATCCCAGTTTG,B08,8,B
TAFIRI-2020.07.23-RUF23-A,2021-09-15,210914_NB501345_0171_AHT37VAFX2,Bristol Genomics,NextSeq 500,v2.5 Mid Output (2 x 150 bp),Kilombero_Tele02_Lib02_R1.fastq.gz,40c1f27b7cc9286a9751fdb4481f81ab,,Kilombero_Tele02_Lib02_R2.fastq.gz,183798b7e8d0a142471c41e985fc087d,,12S,tele02,lib2,3,pcr1,GAGCACCTAAACTCGTGCCAGCCACC,GAGCACCTGGGTATCTAATCCCAGTTTG,C08,8,C
TAFIRI-2020.07.23-RUF23-B,2021-09-15,210914_NB501345_0171_AHT37VAFX2,Bristol Genomics,NextSeq 500,v2.5 Mid Output (2 x 150 bp),Kilombero_Tele02_Lib02_R1.fastq.gz,40c1f27b7cc9286a9751fdb4481f81ab,,Kilombero_Tele02_Lib02_R2.fastq.gz,183798b7e8d0a142471c41e985fc087d,,12S,tele02,lib2,1,pcr1,ACCACTGCAAACTCGTGCCAGCCACC,ACCACTGCGGGTATCTAATCCCAGTTTG,D08,8,D
TAFIRI-2020.07.23-RUF23-B,2021-09-15,210914_NB501345_0171_AHT37VAFX2,Bristol Genomics,NextSeq 500,v2.5 Mid Output (2 x 150 bp),Kilombero_Tele02_Lib02_R1.fastq.gz,40c1f27b7cc9286a9751fdb4481f81ab,,Kilombero_Tele02_Lib02_R2.fastq.gz,183798b7e8d0a142471c41e985fc087d,,12S,tele02,lib2,2,pcr1,ACCGGTTAAAACTCGTGCCAGCCACC,ACCGGTTAGGGTATCTAATCCCAGTTTG,E08,8,E
TAFIRI-2020.07.23-RUF23-B,2021-09-15,210914_NB501345_0171_AHT37VAFX2,Bristol Genomics,NextSeq 500,v2.5 Mid Output (2 x 150 bp),Kilombero_Tele02_Lib02_R1.fastq.gz,40c1f27b7cc9286a9751fdb4481f81ab,,Kilombero_Tele02_Lib02_R2.fastq.gz,183798b7e8d0a142471c41e985fc087d,,12S,tele02,lib2,3,pcr1,CAATAGGAAAACTCGTGCCAGCCACC,CAATAGGAGGGTATCTAATCCCAGTTTG,F08,8,F
TAFIRI-2020.07.23-RUF24-A,2021-09-15,210914_NB501345_0171_AHT37VAFX2,Bristol Genomics,NextSeq 500,v2.5 Mid Output (2 x 150 bp),Kilombero_Tele02_Lib02_R1.fastq.gz,40c1f27b7cc9286a9751fdb4481f81ab,,Kilombero_Tele02_Lib02_R2.fastq.gz,183798b7e8d0a142471c41e985fc087d,,12S,tele02,lib2,1,pcr1,GGATAAGAAAACTCGTGCCAGCCACC,GGATAAGAGGGTATCTAATCCCAGTTTG,G08,8,G
TAFIRI-2020.07.23-RUF24-A,2021-09-15,210914_NB501345_0171_AHT37VAFX2,Bristol Genomics,NextSeq 500,v2.5 Mid Output (2 x 150 bp),Kilombero_Tele02_Lib02_R1.fastq.gz,40c1f27b7cc9286a9751fdb4481f81ab,,Kilombero_Tele02_Lib02_R2.fastq.gz,183798b7e8d0a142471c41e985fc087d,,12S,tele02,lib2,2,pcr1,AAGTTAATAAACTCGTGCCAGCCACC,AAGTTAATGGGTATCTAATCCCAGTTTG,H08,8,H
TAFIRI-2020.07.23-RUF24-A,2021-09-15,210914_NB501345_0171_AHT37VAFX2,Bristol Genomics,NextSeq 500,v2.5 Mid Output (2 x 150 bp),Kilombero_Tele02_Lib02_R1.fastq.gz,40c1f27b7cc9286a9751fdb4481f81ab,,Kilombero_Tele02_Lib02_R2.fastq.gz,183798b7e8d0a142471c41e985fc087d,,12S,tele02,lib2,3,pcr1,TCTGTGGCAAACTCGTGCCAGCCACC,TCTGTGGCGGGTATCTAATCCCAGTTTG,A09,9,A
TAFIRI-2020.07.24-RUF25-A,2021-09-15,210914_NB501345_0171_AHT37VAFX2,Bristol Genomics,NextSeq 500,v2.5 Mid Output (2 x 150 bp),Kilombero_Tele02_Lib02_R1.fastq.gz,40c1f27b7cc9286a9751fdb4481f81ab,,Kilombero_Tele02_Lib02_R2.fastq.gz,183798b7e8d0a142471c41e985fc087d,,12S,tele02,lib2,1,pcr1,TTAATAAGAAACTCGTGCCAGCCACC,TTAATAAGGGGTATCTAATCCCAGTTTG,B09,9,B
TAFIRI-2020.07.24-RUF25-A,2021-09-15,210914_NB501345_0171_AHT37VAFX2,Bristol Genomics,NextSeq 500,v2.5 Mid Output (2 x 150 bp),Kilombero_Tele02_Lib02_R1.fastq.gz,40c1f27b7cc9286a9751fdb4481f81ab,,Kilombero_Tele02_Lib02_R2.fastq.gz,183798b7e8d0a142471c41e985fc087d,,12S,tele02,lib2,2,pcr1,TAACGAGAAAACTCGTGCCAGCCACC,TAACGAGAGGGTATCTAATCCCAGTTTG,C09,9,C
TAFIRI-2020.07.24-RUF25-A,2021-09-15,210914_NB501345_0171_AHT37VAFX2,Bristol Genomics,NextSeq 500,v2.5 Mid Output (2 x 150 bp),Kilombero_Tele02_Lib02_R1.fastq.gz,40c1f27b7cc9286a9751fdb4481f81ab,,Kilombero_Tele02_Lib02_R2.fastq.gz,183798b7e8d0a142471c41e985fc087d,,12S,tele02,lib2,3,pcr1,AGGCACACAAACTCGTGCCAGCCACC,AGGCACACGGGTATCTAATCCCAGTTTG,D09,9,D
TAFIRI-2020.07.24-RUF26-A,2021-09-15,210914_NB501345_0171_AHT37VAFX2,Bristol Genomics,NextSeq 500,v2.5 Mid Output (2 x 150 bp),Kilombero_Tele02_Lib02_R1.fastq.gz,40c1f27b7cc9286a9751fdb4481f81ab,,Kilombero_Tele02_Lib02_R2.fastq.gz,183798b7e8d0a142471c41e985fc087d,,12S,tele02,lib2,1,pcr1,TTGCTATTAAACTCGTGCCAGCCACC,TTGCTATTGGGTATCTAATCCCAGTTTG,E09,9,E
TAFIRI-2020.07.24-RUF26-A,2021-09-15,210914_NB501345_0171_AHT37VAFX2,Bristol Genomics,NextSeq 500,v2.5 Mid Output (2 x 150 bp),Kilombero_Tele02_Lib02_R1.fastq.gz,40c1f27b7cc9286a9751fdb4481f81ab,,Kilombero_Tele02_Lib02_R2.fastq.gz,183798b7e8d0a142471c41e985fc087d,,12S,tele02,lib2,2,pcr1,GACTATCCAAACTCGTGCCAGCCACC,GACTATCCGGGTATCTAATCCCAGTTTG,F09,9,F
TAFIRI-2020.07.24-RUF26-A,2021-09-15,210914_NB501345_0171_AHT37VAFX2,Bristol Genomics,NextSeq 500,v2.5 Mid Output (2 x 150 bp),Kilombero_Tele02_Lib02_R1.fastq.gz,40c1f27b7cc9286a9751fdb4481f81ab,,Kilombero_Tele02_Lib02_R2.fastq.gz,183798b7e8d0a142471c41e985fc087d,,12S,tele02,lib2,3,pcr1,AACATTATAAACTCGTGCCAGCCACC,AACATTATGGGTATCTAATCCCAGTTTG,G09,9,G
TAFIRI-2020.07.24-RUF27-A,2021-09-15,210914_NB501345_0171_AHT37VAFX2,Bristol Genomics,NextSeq 500,v2.5 Mid Output (2 x 150 bp),Kilombero_Tele02_Lib02_R1.fastq.gz,40c1f27b7cc9286a9751fdb4481f81ab,,Kilombero_Tele02_Lib02_R2.fastq.gz,183798b7e8d0a142471c41e985fc087d,,12S,tele02,lib2,1,pcr1,CTTCAGGAAAACTCGTGCCAGCCACC,CTTCAGGAGGGTATCTAATCCCAGTTTG,H09,9,H
TAFIRI-2020.07.24-RUF27-A,2021-09-15,210914_NB501345_0171_AHT37VAFX2,Bristol Genomics,NextSeq 500,v2.5 Mid Output (2 x 150 bp),Kilombero_Tele02_Lib02_R1.fastq.gz,40c1f27b7cc9286a9751fdb4481f81ab,,Kilombero_Tele02_Lib02_R2.fastq.gz,183798b7e8d0a142471c41e985fc087d,,12S,tele02,lib2,2,pcr1,CGAAGGTTAAACTCGTGCCAGCCACC,CGAAGGTTGGGTATCTAATCCCAGTTTG,A10,10,A
TagBlank,2021-09-15,210914_NB501345_0171_AHT37VAFX2,Bristol Genomics,NextSeq 500,v2.5 Mid Output (2 x 150 bp),Kilombero_Tele02_Lib02_R1.fastq.gz,40c1f27b7cc9286a9751fdb4481f81ab,,Kilombero_Tele02_Lib02_R2.fastq.gz,183798b7e8d0a142471c41e985fc087d,,12S,tele02,lib2,TagBlank,pcr0,TCATCTTCAAACTCGTGCCAGCCACC,TCATCTTCGGGTATCTAATCCCAGTTTG,B10,10,B
TAFIRI-2020.07.24-RUF27-A,2021-09-15,210914_NB501345_0171_AHT37VAFX2,Bristol Genomics,NextSeq 500,v2.5 Mid Output (2 x 150 bp),Kilombero_Tele02_Lib02_R1.fastq.gz,40c1f27b7cc9286a9751fdb4481f81ab,,Kilombero_Tele02_Lib02_R2.fastq.gz,183798b7e8d0a142471c41e985fc087d,,12S,tele02,lib2,3,pcr1,CGGAAGAGAAACTCGTGCCAGCCACC,CGGAAGAGGGGTATCTAATCCCAGTTTG,C10,10,C
TAFIRI-2020.07.24-RUF28-A,2021-09-15,210914_NB501345_0171_AHT37VAFX2,Bristol Genomics,NextSeq 500,v2.5 Mid Output (2 x 150 bp),Kilombero_Tele02_Lib02_R1.fastq.gz,40c1f27b7cc9286a9751fdb4481f81ab,,Kilombero_Tele02_Lib02_R2.fastq.gz,183798b7e8d0a142471c41e985fc087d,,12S,tele02,lib2,1,pcr1,AGACCTGGAAACTCGTGCCAGCCACC,AGACCTGGGGGTATCTAATCCCAGTTTG,D10,10,D
TAFIRI-2020.07.24-RUF28-A,2021-09-15,210914_NB501345_0171_AHT37VAFX2,Bristol Genomics,NextSeq 500,v2.5 Mid Output (2 x 150 bp),Kilombero_Tele02_Lib02_R1.fastq.gz,40c1f27b7cc9286a9751fdb4481f81ab,,Kilombero_Tele02_Lib02_R2.fastq.gz,183798b7e8d0a142471c41e985fc087d,,12S,tele02,lib2,2,pcr1,TAGCAAGGAAACTCGTGCCAGCCACC,TAGCAAGGGGGTATCTAATCCCAGTTTG,E10,10,E
TAFIRI-2020.07.24-RUF28-A,2021-09-15,210914_NB501345_0171_AHT37VAFX2,Bristol Genomics,NextSeq 500,v2.5 Mid Output (2 x 150 bp),Kilombero_Tele02_Lib02_R1.fastq.gz,40c1f27b7cc9286a9751fdb4481f81ab,,Kilombero_Tele02_Lib02_R2.fastq.gz,183798b7e8d0a142471c41e985fc087d,,12S,tele02,lib2,3,pcr1,ATGCTCCAAAACTCGTGCCAGCCACC,ATGCTCCAGGGTATCTAATCCCAGTTTG,F10,10,F
TAFIRI-2020.07.25-RUF29-A,2021-09-15,210914_NB501345_0171_AHT37VAFX2,Bristol Genomics,NextSeq 500,v2.5 Mid Output (2 x 150 bp),Kilombero_Tele02_Lib02_R1.fastq.gz,40c1f27b7cc9286a9751fdb4481f81ab,,Kilombero_Tele02_Lib02_R2.fastq.gz,183798b7e8d0a142471c41e985fc087d,,12S,tele02,lib2,1,pcr1,CGAGCCGGAAACTCGTGCCAGCCACC,CGAGCCGGGGGTATCTAATCCCAGTTTG,G10,10,G
TAFIRI-2020.07.25-RUF29-A,2021-09-15,210914_NB501345_0171_AHT37VAFX2,Bristol Genomics,NextSeq 500,v2.5 Mid Output (2 x 150 bp),Kilombero_Tele02_Lib02_R1.fastq.gz,40c1f27b7cc9286a9751fdb4481f81ab,,Kilombero_Tele02_Lib02_R2.fastq.gz,183798b7e8d0a142471c41e985fc087d,,12S,tele02,lib2,2,pcr1,TGCGGAGAAAACTCGTGCCAGCCACC,TGCGGAGAGGGTATCTAATCCCAGTTTG,H10,10,H
TAFIRI-2020.07.25-RUF29-A,2021-09-15,210914_NB501345_0171_AHT37VAFX2,Bristol Genomics,NextSeq 500,v2.5 Mid Output (2 x 150 bp),Kilombero_Tele02_Lib02_R1.fastq.gz,40c1f27b7cc9286a9751fdb4481f81ab,,Kilombero_Tele02_Lib02_R2.fastq.gz,183798b7e8d0a142471c41e985fc087d,,12S,tele02,lib2,3,pcr1,GAGAGACGAAACTCGTGCCAGCCACC,GAGAGACGGGGTATCTAATCCCAGTTTG,A11,11,A
TAFIRI-2020.07.25-RUF29-B,2021-09-15,210914_NB501345_0171_AHT37VAFX2,Bristol Genomics,NextSeq 500,v2.5 Mid Output (2 x 150 bp),Kilombero_Tele02_Lib02_R1.fastq.gz,40c1f27b7cc9286a9751fdb4481f81ab,,Kilombero_Tele02_Lib02_R2.fastq.gz,183798b7e8d0a142471c41e985fc087d,,12S,tele02,lib2,1,pcr1,GATCTAGCAAACTCGTGCCAGCCACC,GATCTAGCGGGTATCTAATCCCAGTTTG,B11,11,B
TAFIRI-2020.07.25-RUF29-B,2021-09-15,210914_NB501345_0171_AHT37VAFX2,Bristol Genomics,NextSeq 500,v2.5 Mid Output (2 x 150 bp),Kilombero_Tele02_Lib02_R1.fastq.gz,40c1f27b7cc9286a9751fdb4481f81ab,,Kilombero_Tele02_Lib02_R2.fastq.gz,183798b7e8d0a142471c41e985fc087d,,12S,tele02,lib2,2,pcr1,GGTATTCCAAACTCGTGCCAGCCACC,GGTATTCCGGGTATCTAATCCCAGTTTG,C11,11,C
TAFIRI-2020.07.25-RUF29-B,2021-09-15,210914_NB501345_0171_AHT37VAFX2,Bristol Genomics,NextSeq 500,v2.5 Mid Output (2 x 150 bp),Kilombero_Tele02_Lib02_R1.fastq.gz,40c1f27b7cc9286a9751fdb4481f81ab,,Kilombero_Tele02_Lib02_R2.fastq.gz,183798b7e8d0a142471c41e985fc087d,,12S,tele02,lib2,3,pcr1,GTGATGAGAAACTCGTGCCAGCCACC,GTGATGAGGGGTATCTAATCCCAGTTTG,D11,11,D
TAFIRI-2020.07.25-RUF29-C,2021-09-15,210914_NB501345_0171_AHT37VAFX2,Bristol Genomics,NextSeq 500,v2.5 Mid Output (2 x 150 bp),Kilombero_Tele02_Lib02_R1.fastq.gz,40c1f27b7cc9286a9751fdb4481f81ab,,Kilombero_Tele02_Lib02_R2.fastq.gz,183798b7e8d0a142471c41e985fc087d,,12S,tele02,lib2,1,pcr1,AAGGACTCAAACTCGTGCCAGCCACC,AAGGACTCGGGTATCTAATCCCAGTTTG,E11,11,E
TAFIRI-2020.07.25-RUF29-C,2021-09-15,210914_NB501345_0171_AHT37VAFX2,Bristol Genomics,NextSeq 500,v2.5 Mid Output (2 x 150 bp),Kilombero_Tele02_Lib02_R1.fastq.gz,40c1f27b7cc9286a9751fdb4481f81ab,,Kilombero_Tele02_Lib02_R2.fastq.gz,183798b7e8d0a142471c41e985fc087d,,12S,tele02,lib2,2,pcr1,AAGCGTCTAAACTCGTGCCAGCCACC,AAGCGTCTGGGTATCTAATCCCAGTTTG,F11,11,F
TAFIRI-2020.07.25-RUF29-C,2021-09-15,210914_NB501345_0171_AHT37VAFX2,Bristol Genomics,NextSeq 500,v2.5 Mid Output (2 x 150 bp),Kilombero_Tele02_Lib02_R1.fastq.gz,40c1f27b7cc9286a9751fdb4481f81ab,,Kilombero_Tele02_Lib02_R2.fastq.gz,183798b7e8d0a142471c41e985fc087d,,12S,tele02,lib2,3,pcr1,TAATTAGTAAACTCGTGCCAGCCACC,TAATTAGTGGGTATCTAATCCCAGTTTG,G11,11,G
TAFIRI-2020.07.25-RUF30-A,2021-09-15,210914_NB501345_0171_AHT37VAFX2,Bristol Genomics,NextSeq 500,v2.5 Mid Output (2 x 150 bp),Kilombero_Tele02_Lib02_R1.fastq.gz,40c1f27b7cc9286a9751fdb4481f81ab,,Kilombero_Tele02_Lib02_R2.fastq.gz,183798b7e8d0a142471c41e985fc087d,,12S,tele02,lib2,1,pcr1,GAGATATTAAACTCGTGCCAGCCACC,GAGATATTGGGTATCTAATCCCAGTTTG,H11,11,H
TAFIRI-2020.07.25-RUF30-A,2021-09-15,210914_NB501345_0171_AHT37VAFX2,Bristol Genomics,NextSeq 500,v2.5 Mid Output (2 x 150 bp),Kilombero_Tele02_Lib02_R1.fastq.gz,40c1f27b7cc9286a9751fdb4481f81ab,,Kilombero_Tele02_Lib02_R2.fastq.gz,183798b7e8d0a142471c41e985fc087d,,12S,tele02,lib2,2,pcr1,GTCGGTATAAACTCGTGCCAGCCACC,GTCGGTATGGGTATCTAATCCCAGTTTG,A12,12,A
TAFIRI-2020.07.25-RUF30-A,2021-09-15,210914_NB501345_0171_AHT37VAFX2,Bristol Genomics,NextSeq 500,v2.5 Mid Output (2 x 150 bp),Kilombero_Tele02_Lib02_R1.fastq.gz,40c1f27b7cc9286a9751fdb4481f81ab,,Kilombero_Tele02_Lib02_R2.fastq.gz,183798b7e8d0a142471c41e985fc087d,,12S,tele02,lib2,3,pcr1,GGACTACCAAACTCGTGCCAGCCACC,GGACTACCGGGTATCTAATCCCAGTTTG,B12,12,B
TAFIRI-2020.07.25-RUF31-A,2021-09-15,210914_NB501345_0171_AHT37VAFX2,Bristol Genomics,NextSeq 500,v2.5 Mid Output (2 x 150 bp),Kilombero_Tele02_Lib02_R1.fastq.gz,40c1f27b7cc9286a9751fdb4481f81ab,,Kilombero_Tele02_Lib02_R2.fastq.gz,183798b7e8d0a142471c41e985fc087d,,12S,tele02,lib2,1,pcr1,CAGGACCAAAACTCGTGCCAGCCACC,CAGGACCAGGGTATCTAATCCCAGTTTG,C12,12,C
TAFIRI-2020.07.25-RUF31-A,2021-09-15,210914_NB501345_0171_AHT37VAFX2,Bristol Genomics,NextSeq 500,v2.5 Mid Output (2 x 150 bp),Kilombero_Tele02_Lib02_R1.fastq.gz,40c1f27b7cc9286a9751fdb4481f81ab,,Kilombero_Tele02_Lib02_R2.fastq.gz,183798b7e8d0a142471c41e985fc087d,,12S,tele02,lib2,2,pcr1,AAGAAGGAAAACTCGTGCCAGCCACC,AAGAAGGAGGGTATCTAATCCCAGTTTG,D12,12,D
TAFIRI-2020.07.25-RUF31-A,2021-09-15,210914_NB501345_0171_AHT37VAFX2,Bristol Genomics,NextSeq 500,v2.5 Mid Output (2 x 150 bp),Kilombero_Tele02_Lib02_R1.fastq.gz,40c1f27b7cc9286a9751fdb4481f81ab,,Kilombero_Tele02_Lib02_R2.fastq.gz,183798b7e8d0a142471c41e985fc087d,,12S,tele02,lib2,3,pcr1,CGCGCGAAAAACTCGTGCCAGCCACC,CGCGCGAAGGGTATCTAATCCCAGTTTG,E12,12,E
TAFIRI-2020.07.25-RUF32-A,2021-09-15,210914_NB501345_0171_AHT37VAFX2,Bristol Genomics,NextSeq 500,v2.5 Mid Output (2 x 150 bp),Kilombero_Tele02_Lib02_R1.fastq.gz,40c1f27b7cc9286a9751fdb4481f81ab,,Kilombero_Tele02_Lib02_R2.fastq.gz,183798b7e8d0a142471c41e985fc087d,,12S,tele02,lib2,1,pcr1,GATACGCTAAACTCGTGCCAGCCACC,GATACGCTGGGTATCTAATCCCAGTTTG,F12,12,F
TAFIRI-2020.07.25-RUF32-A,2021-09-15,210914_NB501345_0171_AHT37VAFX2,Bristol Genomics,NextSeq 500,v2.5 Mid Output (2 x 150 bp),Kilombero_Tele02_Lib02_R1.fastq.gz,40c1f27b7cc9286a9751fdb4481f81ab,,Kilombero_Tele02_Lib02_R2.fastq.gz,183798b7e8d0a142471c41e985fc087d,,12S,tele02,lib2,2,pcr1,ATTCTTACAAACTCGTGCCAGCCACC,ATTCTTACGGGTATCTAATCCCAGTTTG,G12,12,G
TAFIRI-2020.07.25-RUF32-A,2021-09-15,210914_NB501345_0171_AHT37VAFX2,Bristol Genomics,NextSeq 500,v2.5 Mid Output (2 x 150 bp),Kilombero_Tele02_Lib02_R1.fastq.gz,40c1f27b7cc9286a9751fdb4481f81ab,,Kilombero_Tele02_Lib02_R2.fastq.gz,183798b7e8d0a142471c41e985fc087d,,12S,tele02,lib2,3,pcr1,TTCTAAGTAAACTCGTGCCAGCCACC,TTCTAAGTGGGTATCTAATCCCAGTTTG,H12,12,H
