catalogNumber,fieldNumber,eventID,eventID,otherCatalogNumbers,institutionCode,individualCount,basisOfRecord,preparations,imageLocation,typeStatus,taxonRank,kingdom,phylum,class,order,family,genus,specificEpithet,scientificNameAuthorship,eventRemarks,identificationQualifier,identifiedBy,identificationRemarks,waterBody,verbatimLocality,recordedBy,samplingProtocol,continent,countryCode,country,stateProvince,decimalLatitude,decimalLongitude,eventDate
,TZ076,TAFIRI-2019.05.23-RUF08-A,TAFIRI-2019.05.20-KIL11-A,,,1,PreservedSpecimen,EtOH,DSC00535,Other material,genus,Animalia,Chordata,Actinopterygii,Perciformes,Cichlidae,Oreochromis,,,,sp.,mtDNA,unknown strain – no blast matches,Great Ruaha River,"Kidatu, market by bridge",Rupert Collins; Asilatu Shechonge; Benjamin Ngatunga,"Purchased, fish market",Africa,TZ,Tanzania,Morogoro Region,-7.6658,36.97702,2019-05-20
,TZ077,TAFIRI-2019.05.23-RUF08-A,TAFIRI-2019.05.20-KIL11-A,,,1,PreservedSpecimen,EtOH,,Other material,species,Animalia,Chordata,Actinopterygii,Perciformes,Cichlidae,Oreochromis,urolepis,"(Norman, 1922)",,,mtDNA,,Great Ruaha River,"Kidatu, market by bridge",Rupert Collins; Asilatu Shechonge; Benjamin Ngatunga,"Purchased, fish market",Africa,TZ,Tanzania,Morogoro Region,-7.6658,36.97702,2019-05-20
,TZ078,TAFIRI-2019.05.23-RUF08-A,TAFIRI-2019.05.20-KIL11-A,,,1,PreservedSpecimen,EtOH,DSC00537,Other material,species,Animalia,Chordata,Actinopterygii,Perciformes,Cichlidae,Oreochromis,urolepis,"(Norman, 1922)",,,mtDNA,,Great Ruaha River,"Kidatu, market by bridge",Rupert Collins; Asilatu Shechonge; Benjamin Ngatunga,"Purchased, fish market",Africa,TZ,Tanzania,Morogoro Region,-7.6658,36.97702,2019-05-20
,TZ079,TAFIRI-2019.05.20-MG09-A,TAFIRI-2019.05.20-MG09-A,,,1,PreservedSpecimen,EtOH,DSC00540,Other material,species,Animalia,Chordata,Actinopterygii,Perciformes,Cichlidae,Oreochromis,leucostictus,"(Trewavas, 1933)",,,mtDNA,,Great Ruaha River,"Kidatu, Mangula A, Mr Majicka fish pond",Rupert Collins; Asilatu Shechonge; Benjamin Ngatunga,Seine,Africa,TZ,Tanzania,Morogoro Region,-7.83466,36.90796,2019-05-20
,TZ080,TAFIRI-2019.05.20-MG09-A,TAFIRI-2019.05.20-MG09-A,,,1,PreservedSpecimen,EtOH,DSC00542,Other material,species,Animalia,Chordata,Actinopterygii,Perciformes,Cichlidae,Oreochromis,leucostictus,"(Trewavas, 1933)",,,mtDNA,,Great Ruaha River,"Kidatu, Mangula A, Mr Majicka fish pond",Rupert Collins; Asilatu Shechonge; Benjamin Ngatunga,Seine,Africa,TZ,Tanzania,Morogoro Region,-7.83466,36.90796,2019-05-20
,TZ081,TAFIRI-2019.05.20-MG10-A,TAFIRI-2019.05.20-MG10-A,,,1,PreservedSpecimen,EtOH,,Other material,species,Animalia,Chordata,Actinopterygii,Perciformes,Cichlidae,Oreochromis,urolepis,"(Norman, 1922)",,,mtDNA,,Great Ruaha River,"Kidatu, Mangula B, School, Mr Ahmed fish pond",Rupert Collins; Asilatu Shechonge; Benjamin Ngatunga,Seine,Africa,TZ,Tanzania,Morogoro Region,-7.84118,36.8921,2019-05-20
,TZ082,TAFIRI-2019.05.20-MG10-A,TAFIRI-2019.05.20-MG10-A,,,1,PreservedSpecimen,EtOH,,Other material,species,Animalia,Chordata,Actinopterygii,Perciformes,Cichlidae,Oreochromis,urolepis,"(Norman, 1922)",,,mtDNA,,Great Ruaha River,"Kidatu, Mangula B, School, Mr Ahmed fish pond",Rupert Collins; Asilatu Shechonge; Benjamin Ngatunga,Seine,Africa,TZ,Tanzania,Morogoro Region,-7.84118,36.8921,2019-05-20
,TZ083,TAFIRI-2019.05.20-MG10-A,TAFIRI-2019.05.20-MG10-A,,,1,PreservedSpecimen,EtOH,P5200075,Other material,species,Animalia,Chordata,Actinopterygii,Perciformes,Cichlidae,Astatotilapia,gigliolii,"(Pfeffer, 1896)",,,mtDNA,,Great Ruaha River,"Kidatu, Mangula B, School, Mr Ahmed fish pond",Rupert Collins; Asilatu Shechonge; Benjamin Ngatunga,Seine,Africa,TZ,Tanzania,Morogoro Region,-7.84118,36.8921,2019-05-20
,TZ084,TAFIRI-2019.05.20-MG10-A,TAFIRI-2019.05.20-MG10-A,,,1,PreservedSpecimen,EtOH,P5200075,Other material,species,Animalia,Chordata,Actinopterygii,Perciformes,Cichlidae,Astatotilapia,gigliolii,"(Pfeffer, 1896)",,,mtDNA,,Great Ruaha River,"Kidatu, Mangula B, School, Mr Ahmed fish pond",Rupert Collins; Asilatu Shechonge; Benjamin Ngatunga,Seine,Africa,TZ,Tanzania,Morogoro Region,-7.84118,36.8921,2019-05-20
,TZ085,TAFIRI-2019.05.20-MG10-A,TAFIRI-2019.05.20-MG10-A,,,1,PreservedSpecimen,EtOH,P5200075,Other material,species,Animalia,Chordata,Actinopterygii,Perciformes,Cichlidae,Astatotilapia,gigliolii,"(Pfeffer, 1896)",,,mtDNA,,Great Ruaha River,"Kidatu, Mangula B, School, Mr Ahmed fish pond",Rupert Collins; Asilatu Shechonge; Benjamin Ngatunga,Seine,Africa,TZ,Tanzania,Morogoro Region,-7.84118,36.8921,2019-05-20
063-KIL01-05-19,TZ086,TAFIRI-2019.05.21-RUF01-A,TAFIRI-2019.05.21-KIL01-A,,,1,PreservedSpecimen,EtOH,P5210090,Other material,species,Animalia,Chordata,Actinopterygii,Cypriniformes,Cyprinidae,Labeo,congoro,"Peters, 1852",,,Rupert Collins; Martin Genner,,Kilombero River,"Ifakara, town fish market",Rupert Collins; Asilatu Shechonge; Benjamin Ngatunga,"Purchased, fish market",Africa,TZ,Tanzania,Morogoro Region,-8.138197,36.67882,2019-05-21
064-KIL01-05-19,TZ087,TAFIRI-2019.05.21-RUF01-A,TAFIRI-2019.05.21-KIL01-A,,,1,PreservedSpecimen,EtOH,P5210091,Other material,species,Animalia,Chordata,Actinopterygii,Cypriniformes,Cyprinidae,Labeo,congoro,"Peters, 1852",,,Rupert Collins; Martin Genner,,Kilombero River,"Ifakara, town fish market",Rupert Collins; Asilatu Shechonge; Benjamin Ngatunga,"Purchased, fish market",Africa,TZ,Tanzania,Morogoro Region,-8.138197,36.67882,2019-05-21
065-KIL01-05-19,TZ088,TAFIRI-2019.05.21-RUF01-A,TAFIRI-2019.05.21-KIL01-A,,,1,PreservedSpecimen,EtOH,P5210092,Other material,species,Animalia,Chordata,Actinopterygii,Cypriniformes,Cyprinidae,Labeobarbus,macrolepis,"(Pfeffer, 1889)",,,Rupert Collins; Martin Genner,,Kilombero River,"Ifakara, town fish market",Rupert Collins; Asilatu Shechonge; Benjamin Ngatunga,"Purchased, fish market",Africa,TZ,Tanzania,Morogoro Region,-8.138197,36.67882,2019-05-21
066-KIL01-05-19,TZ089,TAFIRI-2019.05.21-RUF01-A,TAFIRI-2019.05.21-KIL01-A,,,1,PreservedSpecimen,EtOH,P5210093,Other material,species,Animalia,Chordata,Actinopterygii,Cypriniformes,Cyprinidae,Labeobarbus,macrolepis,"(Pfeffer, 1889)",,,Rupert Collins; Martin Genner,,Kilombero River,"Ifakara, town fish market",Rupert Collins; Asilatu Shechonge; Benjamin Ngatunga,"Purchased, fish market",Africa,TZ,Tanzania,Morogoro Region,-8.138197,36.67882,2019-05-21
067-KIL01-05-19,TZ090,TAFIRI-2019.05.21-RUF01-A,TAFIRI-2019.05.21-KIL01-A,,,1,PreservedSpecimen,EtOH,P5210094,Other material,species,Animalia,Chordata,Actinopterygii,Characiformes,Distichodontidae,Distichodus,petersii,"Pfeffer, 1896",,,Rupert Collins; Martin Genner,,Kilombero River,"Ifakara, town fish market",Rupert Collins; Asilatu Shechonge; Benjamin Ngatunga,"Purchased, fish market",Africa,TZ,Tanzania,Morogoro Region,-8.138197,36.67882,2019-05-21
068-KIL01-05-19,TZ091,TAFIRI-2019.05.21-RUF01-A,TAFIRI-2019.05.21-KIL01-A,,,1,PreservedSpecimen,EtOH,P5210095,Other material,species,Animalia,Chordata,Actinopterygii,Characiformes,Distichodontidae,Distichodus,petersii,"Pfeffer, 1896",,,Rupert Collins; Martin Genner,,Kilombero River,"Ifakara, town fish market",Rupert Collins; Asilatu Shechonge; Benjamin Ngatunga,"Purchased, fish market",Africa,TZ,Tanzania,Morogoro Region,-8.138197,36.67882,2019-05-21
069-KIL01-05-19,TZ092,TAFIRI-2019.05.21-RUF01-A,TAFIRI-2019.05.21-KIL01-A,,,1,PreservedSpecimen,EtOH,P5210096,Other material,species,Animalia,Chordata,Actinopterygii,Siluriformes,Clariidae,Clarias,gariepinus,"(Burchell, 1822)",,,Rupert Collins; Martin Genner,,Kilombero River,"Ifakara, town fish market",Rupert Collins; Asilatu Shechonge; Benjamin Ngatunga,"Purchased, fish market",Africa,TZ,Tanzania,Morogoro Region,-8.138197,36.67882,2019-05-21
070-KIL01-05-19,TZ093,TAFIRI-2019.05.21-RUF01-A,TAFIRI-2019.05.21-KIL01-A,,,1,PreservedSpecimen,EtOH,P5210098,Other material,species,Animalia,Chordata,Actinopterygii,Siluriformes,Clariidae,Clarias,gariepinus,"(Burchell, 1822)",,,Rupert Collins; Martin Genner,,Kilombero River,"Ifakara, town fish market",Rupert Collins; Asilatu Shechonge; Benjamin Ngatunga,"Purchased, fish market",Africa,TZ,Tanzania,Morogoro Region,-8.138197,36.67882,2019-05-21
071-KIL01-05-19,TZ094,TAFIRI-2019.05.21-RUF01-A,TAFIRI-2019.05.21-KIL01-A,,,1,PreservedSpecimen,EtOH,P5210099,Other material,species,Animalia,Chordata,Actinopterygii,Perciformes,Cichlidae,Oreochromis,urolepis,"(Norman, 1922)",,,Rupert Collins; Martin Genner,,Kilombero River,"Ifakara, town fish market",Rupert Collins; Asilatu Shechonge; Benjamin Ngatunga,"Purchased, fish market",Africa,TZ,Tanzania,Morogoro Region,-8.138197,36.67882,2019-05-21
072-KIL01-05-19,TZ095,TAFIRI-2019.05.21-RUF01-A,TAFIRI-2019.05.21-KIL01-A,,,1,PreservedSpecimen,EtOH,P5210100,Other material,species,Animalia,Chordata,Actinopterygii,Perciformes,Cichlidae,Oreochromis,urolepis,"(Norman, 1922)",,,Rupert Collins; Martin Genner,,Kilombero River,"Ifakara, town fish market",Rupert Collins; Asilatu Shechonge; Benjamin Ngatunga,"Purchased, fish market",Africa,TZ,Tanzania,Morogoro Region,-8.138197,36.67882,2019-05-21
073-KIL01-05-19,TZ096,TAFIRI-2019.05.21-RUF01-A,TAFIRI-2019.05.21-KIL01-A,,,1,PreservedSpecimen,EtOH,,Other material,species,Animalia,Chordata,Actinopterygii,Characiformes,Alestidae,Hydrocynus,tanzaniae,"Brewster, 1986",,,Rupert Collins; Martin Genner,,Kilombero River,"Ifakara, town fish market",Rupert Collins; Asilatu Shechonge; Benjamin Ngatunga,"Purchased, fish market",Africa,TZ,Tanzania,Morogoro Region,-8.138197,36.67882,2019-05-21
074-KIL01-05-19,TZ097,TAFIRI-2019.05.21-RUF01-A,TAFIRI-2019.05.21-KIL01-A,,,1,PreservedSpecimen,EtOH,,Other material,species,Animalia,Chordata,Actinopterygii,Characiformes,Alestidae,Hydrocynus,tanzaniae,"Brewster, 1986",,,Rupert Collins; Martin Genner,,Kilombero River,"Ifakara, town fish market",Rupert Collins; Asilatu Shechonge; Benjamin Ngatunga,"Purchased, fish market",Africa,TZ,Tanzania,Morogoro Region,-8.138197,36.67882,2019-05-21
075-KIL01-05-19,TZ098,TAFIRI-2019.05.21-RUF01-A,TAFIRI-2019.05.21-KIL01-A,,,1,PreservedSpecimen,EtOH,DSC00560,Other material,species,Animalia,Chordata,Actinopterygii,Siluriformes,Mochokidae,Synodontis,rufigiensis,"Bailey, 1968",,,Rupert Collins; Martin Genner,,Kilombero River,"Ifakara, town fish market",Rupert Collins; Asilatu Shechonge; Benjamin Ngatunga,"Purchased, fish market",Africa,TZ,Tanzania,Morogoro Region,-8.138197,36.67882,2019-05-21
076-KIL01-05-19,TZ099,TAFIRI-2019.05.21-RUF01-A,TAFIRI-2019.05.21-KIL01-A,,,1,PreservedSpecimen,EtOH,DSC00561,Other material,species,Animalia,Chordata,Actinopterygii,Siluriformes,Mochokidae,Synodontis,rufigiensis,"Bailey, 1968",,,Rupert Collins; Martin Genner,,Kilombero River,"Ifakara, town fish market",Rupert Collins; Asilatu Shechonge; Benjamin Ngatunga,"Purchased, fish market",Africa,TZ,Tanzania,Morogoro Region,-8.138197,36.67882,2019-05-21
077-KIL01-05-19,TZ100,TAFIRI-2019.05.21-RUF01-A,TAFIRI-2019.05.21-KIL01-A,,,1,PreservedSpecimen,EtOH,,Other material,species,Animalia,Chordata,Actinopterygii,Siluriformes,Mochokidae,Synodontis,rufigiensis,"Bailey, 1968",,,Rupert Collins; Martin Genner,,Kilombero River,"Ifakara, town fish market",Rupert Collins; Asilatu Shechonge; Benjamin Ngatunga,"Purchased, fish market",Africa,TZ,Tanzania,Morogoro Region,-8.138197,36.67882,2019-05-21
078-KIL01-05-19,TZ101,TAFIRI-2019.05.21-RUF01-A,TAFIRI-2019.05.21-KIL01-A,,,1,PreservedSpecimen,EtOH,DSC00563,Other material,species,Animalia,Chordata,Actinopterygii,Siluriformes,Mochokidae,Synodontis,rufigiensis,"Bailey, 1968",,,Rupert Collins; Martin Genner,,Kilombero River,"Ifakara, town fish market",Rupert Collins; Asilatu Shechonge; Benjamin Ngatunga,"Purchased, fish market",Africa,TZ,Tanzania,Morogoro Region,-8.138197,36.67882,2019-05-21
079-KIL01-05-19,TZ102,TAFIRI-2019.05.21-RUF01-A,TAFIRI-2019.05.21-KIL01-A,,,1,PreservedSpecimen,EtOH,DSC00564,Other material,species,Animalia,Chordata,Actinopterygii,Siluriformes,Mochokidae,Synodontis,rukwaensis,"Hilgendorf & Pappenheim, 1903",,,Rupert Collins; Martin Genner,,Kilombero River,"Ifakara, town fish market",Rupert Collins; Asilatu Shechonge; Benjamin Ngatunga,"Purchased, fish market",Africa,TZ,Tanzania,Morogoro Region,-8.138197,36.67882,2019-05-21
080-KIL01-05-19,TZ103,TAFIRI-2019.05.21-RUF01-A,TAFIRI-2019.05.21-KIL01-A,,,1,PreservedSpecimen,EtOH,,Other material,species,Animalia,Chordata,Actinopterygii,Siluriformes,Mochokidae,Synodontis,rufigiensis,"Bailey, 1968",,,Rupert Collins; Martin Genner,,Kilombero River,"Ifakara, town fish market",Rupert Collins; Asilatu Shechonge; Benjamin Ngatunga,"Purchased, fish market",Africa,TZ,Tanzania,Morogoro Region,-8.138197,36.67882,2019-05-21
081-KIL01-05-19,TZ104,TAFIRI-2019.05.21-RUF01-A,TAFIRI-2019.05.21-KIL01-A,,,1,PreservedSpecimen,EtOH,,Other material,species,Animalia,Chordata,Actinopterygii,Siluriformes,Mochokidae,Synodontis,rukwaensis,"Hilgendorf & Pappenheim, 1903",,,Rupert Collins; Martin Genner,,Kilombero River,"Ifakara, town fish market",Rupert Collins; Asilatu Shechonge; Benjamin Ngatunga,"Purchased, fish market",Africa,TZ,Tanzania,Morogoro Region,-8.138197,36.67882,2019-05-21
082-KIL01-05-19,TZ105,TAFIRI-2019.05.21-RUF01-A,TAFIRI-2019.05.21-KIL01-A,,,1,PreservedSpecimen,EtOH,DSC00568,Other material,species,Animalia,Chordata,Actinopterygii,Siluriformes,Mochokidae,Synodontis,rukwaensis,"Hilgendorf & Pappenheim, 1903",,,Rupert Collins; Martin Genner,,Kilombero River,"Ifakara, town fish market",Rupert Collins; Asilatu Shechonge; Benjamin Ngatunga,"Purchased, fish market",Africa,TZ,Tanzania,Morogoro Region,-8.138197,36.67882,2019-05-21
083-KIL01-05-19,TZ106,TAFIRI-2019.05.21-RUF01-A,TAFIRI-2019.05.21-KIL01-A,,,1,PreservedSpecimen,EtOH,DSC00572,Other material,species,Animalia,Chordata,Actinopterygii,Siluriformes,Mochokidae,Synodontis,rukwaensis,"Hilgendorf & Pappenheim, 1903",,,Rupert Collins; Martin Genner,,Kilombero River,"Ifakara, town fish market",Rupert Collins; Asilatu Shechonge; Benjamin Ngatunga,"Purchased, fish market",Africa,TZ,Tanzania,Morogoro Region,-8.138197,36.67882,2019-05-21
084-KIL01-05-19,TZ107,TAFIRI-2019.05.21-RUF01-A,TAFIRI-2019.05.21-KIL01-A,,,1,PreservedSpecimen,EtOH,DSC00575,Other material,species,Animalia,Chordata,Actinopterygii,Siluriformes,Mochokidae,Synodontis,rukwaensis,"Hilgendorf & Pappenheim, 1903",,,Rupert Collins; Martin Genner,,Kilombero River,"Ifakara, town fish market",Rupert Collins; Asilatu Shechonge; Benjamin Ngatunga,"Purchased, fish market",Africa,TZ,Tanzania,Morogoro Region,-8.138197,36.67882,2019-05-21
085-KIL01-05-19,TZ108,TAFIRI-2019.05.21-RUF01-A,TAFIRI-2019.05.21-KIL01-A,,,1,PreservedSpecimen,EtOH,,Other material,species,Animalia,Chordata,Actinopterygii,Siluriformes,Mochokidae,Synodontis,rukwaensis,"Hilgendorf & Pappenheim, 1903",,,Rupert Collins; Martin Genner,,Kilombero River,"Ifakara, town fish market",Rupert Collins; Asilatu Shechonge; Benjamin Ngatunga,"Purchased, fish market",Africa,TZ,Tanzania,Morogoro Region,-8.138197,36.67882,2019-05-21
086-KIL01-05-19,TZ109,TAFIRI-2019.05.21-RUF01-A,TAFIRI-2019.05.21-KIL01-A,,,1,PreservedSpecimen,EtOH,DSC00580,Other material,species,Animalia,Chordata,Actinopterygii,Siluriformes,Mochokidae,Synodontis,rufigiensis,"Bailey, 1968",,,Rupert Collins; Martin Genner,,Kilombero River,"Ifakara, town fish market",Rupert Collins; Asilatu Shechonge; Benjamin Ngatunga,"Purchased, fish market",Africa,TZ,Tanzania,Morogoro Region,-8.138197,36.67882,2019-05-21
087-KIL01-05-19,TZ110,TAFIRI-2019.05.21-RUF01-A,TAFIRI-2019.05.21-KIL01-A,,,1,PreservedSpecimen,EtOH,DSC00582,Other material,species,Animalia,Chordata,Actinopterygii,Siluriformes,Mochokidae,Synodontis,rufigiensis,"Bailey, 1968",,,Rupert Collins; Martin Genner,,Kilombero River,"Ifakara, town fish market",Rupert Collins; Asilatu Shechonge; Benjamin Ngatunga,"Purchased, fish market",Africa,TZ,Tanzania,Morogoro Region,-8.138197,36.67882,2019-05-21
088-KIL01-05-19,TZ111,TAFIRI-2019.05.21-RUF01-A,TAFIRI-2019.05.21-KIL01-A,,,1,PreservedSpecimen,EtOH,,Other material,species,Animalia,Chordata,Actinopterygii,Siluriformes,Mochokidae,Synodontis,rufigiensis,"Bailey, 1968",,,Rupert Collins; Martin Genner,,Kilombero River,"Ifakara, town fish market",Rupert Collins; Asilatu Shechonge; Benjamin Ngatunga,"Purchased, fish market",Africa,TZ,Tanzania,Morogoro Region,-8.138197,36.67882,2019-05-21
089-KIL02-05-19,TZ112,TAFIRI-2019.05.21-RUF02-A,TAFIRI-2019.05.21-KIL02-A,,,1,PreservedSpecimen,EtOH,,Other material,species,Animalia,Chordata,Actinopterygii,Characiformes,Citharinidae,Citharinus,congicus,"Boulenger, 1897",,,Rupert Collins; Martin Genner,,Kilombero River,"Ifakara, Magufuli Bridge",Rupert Collins; Asilatu Shechonge; Benjamin Ngatunga,"Purchased, local fishermen",Africa,TZ,Tanzania,Morogoro Region,-8.18884,36.69289,2019-05-21
090-KIL03-05-19,TZ113,TAFIRI-2019.05.21-RUF03-A,TAFIRI-2019.05.21-KIL03-A,,,1,PreservedSpecimen,EtOH,DSC00591,Other material,species,Animalia,Chordata,Actinopterygii,Characiformes,Alestidae,Hydrocynus,tanzaniae,"Brewster, 1986",,,Rupert Collins; Martin Genner,,Kilombero River,"Ifakara, culvert on road approaching Magufuli Bridge",Rupert Collins; Asilatu Shechonge; Benjamin Ngatunga,"Purchased, local fishermen",Africa,TZ,Tanzania,Morogoro Region,-8.17793,36.69433,2019-05-21
091-KIL03-05-19,TZ114,TAFIRI-2019.05.21-RUF03-A,TAFIRI-2019.05.21-KIL03-A,,,1,PreservedSpecimen,EtOH,DSC00591,Other material,species,Animalia,Chordata,Actinopterygii,Characiformes,Alestidae,Hydrocynus,tanzaniae,"Brewster, 1986",,,Rupert Collins; Martin Genner,,Kilombero River,"Ifakara, culvert on road approaching Magufuli Bridge",Rupert Collins; Asilatu Shechonge; Benjamin Ngatunga,"Purchased, local fishermen",Africa,TZ,Tanzania,Morogoro Region,-8.17793,36.69433,2019-05-21
092-KIL03-05-19,TZ115,TAFIRI-2019.05.21-RUF03-A,TAFIRI-2019.05.21-KIL03-A,,,1,PreservedSpecimen,EtOH,DSC00591,Other material,species,Animalia,Chordata,Actinopterygii,Characiformes,Alestidae,Hydrocynus,tanzaniae,"Brewster, 1986",,,Rupert Collins; Martin Genner,,Kilombero River,"Ifakara, culvert on road approaching Magufuli Bridge",Rupert Collins; Asilatu Shechonge; Benjamin Ngatunga,"Purchased, local fishermen",Africa,TZ,Tanzania,Morogoro Region,-8.17793,36.69433,2019-05-21
093-KIL03-05-19,TZ116,TAFIRI-2019.05.21-RUF03-A,TAFIRI-2019.05.21-KIL03-A,,,1,PreservedSpecimen,EtOH,,Other material,species,Animalia,Chordata,Actinopterygii,Characiformes,Alestidae,Brycinus,affinis,"(Günther, 1894)",,,Rupert Collins; Martin Genner,,Kilombero River,"Ifakara, culvert on road approaching Magufuli Bridge",Rupert Collins; Asilatu Shechonge; Benjamin Ngatunga,"Purchased, local fishermen",Africa,TZ,Tanzania,Morogoro Region,-8.17793,36.69433,2019-05-21
094-KIL03-05-19,TZ117,TAFIRI-2019.05.21-RUF03-A,TAFIRI-2019.05.21-KIL03-A,,,1,PreservedSpecimen,EtOH,,Other material,species,Animalia,Chordata,Actinopterygii,Characiformes,Alestidae,Brycinus,affinis,"(Günther, 1894)",,,Rupert Collins; Martin Genner,,Kilombero River,"Ifakara, culvert on road approaching Magufuli Bridge",Rupert Collins; Asilatu Shechonge; Benjamin Ngatunga,"Purchased, local fishermen",Africa,TZ,Tanzania,Morogoro Region,-8.17793,36.69433,2019-05-21
095-KIL03-05-19,TZ118,TAFIRI-2019.05.21-RUF03-A,TAFIRI-2019.05.21-KIL03-A,,,1,PreservedSpecimen,EtOH,,Other material,species,Animalia,Chordata,Actinopterygii,Characiformes,Alestidae,Brycinus,imberi,"(Peters, 1852)",,,Rupert Collins; Martin Genner,,Kilombero River,"Ifakara, culvert on road approaching Magufuli Bridge",Rupert Collins; Asilatu Shechonge; Benjamin Ngatunga,"Purchased, local fishermen",Africa,TZ,Tanzania,Morogoro Region,-8.17793,36.69433,2019-05-21
096-KIL02-05-19,TZ119,TAFIRI-2019.05.21-RUF02-A,TAFIRI-2019.05.21-KIL02-A,,,1,PreservedSpecimen,EtOH,,Other material,species,Animalia,Chordata,Actinopterygii,Characiformes,Alestidae,Hydrocynus,vittatus,"Castelnau, 1861",,,Rupert Collins; Martin Genner,,Kilombero River,"Ifakara, Magufuli Bridge",Rupert Collins; Asilatu Shechonge; Benjamin Ngatunga,"Purchased, local fishermen",Africa,TZ,Tanzania,Morogoro Region,-8.18884,36.69289,2019-05-22
097-KIL02-05-19,TZ120,TAFIRI-2019.05.21-RUF02-A,TAFIRI-2019.05.21-KIL02-A,,,1,PreservedSpecimen,EtOH,DSC00622,Other material,species,Animalia,Chordata,Actinopterygii,Characiformes,Alestidae,Brycinus,imberi,"(Peters, 1852)",,,Rupert Collins; Martin Genner,,Kilombero River,"Ifakara, Magufuli Bridge",Rupert Collins; Asilatu Shechonge; Benjamin Ngatunga,"Purchased, local fishermen",Africa,TZ,Tanzania,Morogoro Region,-8.18884,36.69289,2019-05-22
098-KIL02-05-19,TZ121,TAFIRI-2019.05.21-RUF02-A,TAFIRI-2019.05.21-KIL02-A,,,1,PreservedSpecimen,EtOH,DSC00626,Other material,species,Animalia,Chordata,Actinopterygii,Characiformes,Distichodontidae,Distichodus,petersii,"Pfeffer, 1896",,,Rupert Collins; Martin Genner,,Kilombero River,"Ifakara, Magufuli Bridge",Rupert Collins; Asilatu Shechonge; Benjamin Ngatunga,"Purchased, local fishermen",Africa,TZ,Tanzania,Morogoro Region,-8.18884,36.69289,2019-05-22
099-KIL02-05-19,TZ122,TAFIRI-2019.05.21-RUF02-A,TAFIRI-2019.05.21-KIL02-A,,,1,PreservedSpecimen,EtOH,DSC00627,Other material,species,Animalia,Chordata,Actinopterygii,Cypriniformes,Cyprinidae,Enteromius,paludinosus,"(Peters, 1852)",,,Rupert Collins; Martin Genner,,Kilombero River,"Ifakara, Magufuli Bridge",Rupert Collins; Asilatu Shechonge; Benjamin Ngatunga,"Purchased, local fishermen",Africa,TZ,Tanzania,Morogoro Region,-8.18884,36.69289,2019-05-22
100-KIL02-05-19,TZ123,TAFIRI-2019.05.21-RUF02-A,TAFIRI-2019.05.21-KIL02-A,,,1,PreservedSpecimen,EtOH,,Other material,species,Animalia,Chordata,Actinopterygii,Perciformes,Cichlidae,Astatotilapia,gigliolii,"(Pfeffer, 1896)",,,Rupert Collins; Martin Genner,,Kilombero River,"Ifakara, Magufuli Bridge",Rupert Collins; Asilatu Shechonge; Benjamin Ngatunga,"Purchased, local fishermen",Africa,TZ,Tanzania,Morogoro Region,-8.18884,36.69289,2019-05-22
101-KIL02-05-19,TZ124,TAFIRI-2019.05.21-RUF02-A,TAFIRI-2019.05.21-KIL02-A,,,1,PreservedSpecimen,EtOH,DSC00630,Other material,species,Animalia,Chordata,Actinopterygii,Characiformes,Alestidae,Brycinus,affinis,"(Günther, 1894)",,,Rupert Collins; Martin Genner,,Kilombero River,"Ifakara, Magufuli Bridge",Rupert Collins; Asilatu Shechonge; Benjamin Ngatunga,"Purchased, local fishermen",Africa,TZ,Tanzania,Morogoro Region,-8.18884,36.69289,2019-05-22
102-KIL02-05-19,TZ125,TAFIRI-2019.05.21-RUF02-A,TAFIRI-2019.05.21-KIL02-A,,,1,PreservedSpecimen,EtOH,,Other material,species,Animalia,Chordata,Actinopterygii,Perciformes,Cichlidae,Oreochromis,urolepis,"(Norman, 1922)",,,Rupert Collins; Martin Genner,,Kilombero River,"Ifakara, Magufuli Bridge",Rupert Collins; Asilatu Shechonge; Benjamin Ngatunga,"Purchased, local fishermen",Africa,TZ,Tanzania,Morogoro Region,-8.18884,36.69289,2019-05-22
103-KIL02-05-19,TZ126,TAFIRI-2019.05.21-RUF02-A,TAFIRI-2019.05.21-KIL02-A,,,1,PreservedSpecimen,EtOH,DSC00633,Other material,species,Animalia,Chordata,Actinopterygii,Perciformes,Cichlidae,Oreochromis,urolepis,"(Norman, 1922)",,,Rupert Collins; Martin Genner,,Kilombero River,"Ifakara, Magufuli Bridge",Rupert Collins; Asilatu Shechonge; Benjamin Ngatunga,"Purchased, local fishermen",Africa,TZ,Tanzania,Morogoro Region,-8.18884,36.69289,2019-05-22
104-KIL02-05-19,TZ127,TAFIRI-2019.05.21-RUF02-A,TAFIRI-2019.05.21-KIL02-A,,,1,PreservedSpecimen,EtOH,DSC00637,Other material,species,Animalia,Chordata,Actinopterygii,Perciformes,Cichlidae,Astatotilapia,gigliolii,"(Pfeffer, 1896)",,,Rupert Collins; Martin Genner,,Kilombero River,"Ifakara, Magufuli Bridge",Rupert Collins; Asilatu Shechonge; Benjamin Ngatunga,Seine,Africa,TZ,Tanzania,Morogoro Region,-8.18884,36.69289,2019-05-22
105-KIL02-05-19,TZ128,TAFIRI-2019.05.21-RUF02-A,TAFIRI-2019.05.21-KIL02-A,,,1,PreservedSpecimen,EtOH,DSC00639,Other material,species,Animalia,Chordata,Actinopterygii,Perciformes,Anabantidae,Ctenopoma,muriei,"(Boulenger, 1906)",,,Rupert Collins; Martin Genner,,Kilombero River,"Ifakara, Magufuli Bridge",Rupert Collins; Asilatu Shechonge; Benjamin Ngatunga,Seine,Africa,TZ,Tanzania,Morogoro Region,-8.18884,36.69289,2019-05-22
106-KIL07-05-19,TZ129,TAFIRI-2019.05.22-RUF05-A,TAFIRI-2019.05.22-KIL07-A,,,1,PreservedSpecimen,EtOH,,Other material,species,Animalia,Chordata,Actinopterygii,Perciformes,Cichlidae,Oreochromis,urolepis,"(Norman, 1922)",,,Rupert Collins; Martin Genner,,Kilombero River,"Ifakara, Lumemo River",Rupert Collins; Asilatu Shechonge; Benjamin Ngatunga,"Purchased, local fishermen",Africa,TZ,Tanzania,Morogoro Region,-8.13953,36.67393,2019-05-22
107-KIL07-05-19,TZ130,TAFIRI-2019.05.22-RUF05-A,TAFIRI-2019.05.22-KIL07-A,,,1,PreservedSpecimen,EtOH,DSC00643,Other material,species,Animalia,Chordata,Actinopterygii,Perciformes,Cichlidae,Oreochromis,urolepis,"(Norman, 1922)",,,Rupert Collins; Martin Genner,,Kilombero River,"Ifakara, Lumemo River",Rupert Collins; Asilatu Shechonge; Benjamin Ngatunga,"Purchased, local fishermen",Africa,TZ,Tanzania,Morogoro Region,-8.13953,36.67393,2019-05-22
108-KIL07-05-19,TZ131,TAFIRI-2019.05.22-RUF05-A,TAFIRI-2019.05.22-KIL07-A,,,1,PreservedSpecimen,EtOH,,Other material,species,Animalia,Chordata,Actinopterygii,Perciformes,Cichlidae,Oreochromis,urolepis,"(Norman, 1922)",,,Rupert Collins; Martin Genner,,Kilombero River,"Ifakara, Lumemo River",Rupert Collins; Asilatu Shechonge; Benjamin Ngatunga,"Purchased, local fishermen",Africa,TZ,Tanzania,Morogoro Region,-8.13953,36.67393,2019-05-22
109-KIL07-05-19,TZ132,TAFIRI-2019.05.22-RUF05-A,TAFIRI-2019.05.22-KIL07-A,,,1,PreservedSpecimen,EtOH,,Other material,species,Animalia,Chordata,Actinopterygii,Perciformes,Cichlidae,Oreochromis,urolepis,"(Norman, 1922)",,,Rupert Collins; Martin Genner,,Kilombero River,"Ifakara, Lumemo River",Rupert Collins; Asilatu Shechonge; Benjamin Ngatunga,"Purchased, local fishermen",Africa,TZ,Tanzania,Morogoro Region,-8.13953,36.67393,2019-05-22
110-KIL07-05-19,TZ133,TAFIRI-2019.05.22-RUF05-A,TAFIRI-2019.05.22-KIL07-A,,,1,PreservedSpecimen,EtOH,DSC00647,Other material,species,Animalia,Chordata,Actinopterygii,Perciformes,Cichlidae,Oreochromis,urolepis,"(Norman, 1922)",,,Rupert Collins; Martin Genner,,Kilombero River,"Ifakara, Lumemo River",Rupert Collins; Asilatu Shechonge; Benjamin Ngatunga,"Purchased, local fishermen",Africa,TZ,Tanzania,Morogoro Region,-8.13953,36.67393,2019-05-22
111-KIL07-05-19,TZ134,TAFIRI-2019.05.22-RUF05-A,TAFIRI-2019.05.22-KIL07-A,,,1,PreservedSpecimen,EtOH,,Other material,species,Animalia,Chordata,Actinopterygii,Perciformes,Cichlidae,Oreochromis,urolepis,"(Norman, 1922)",,,Rupert Collins; Martin Genner,,Kilombero River,"Ifakara, Lumemo River",Rupert Collins; Asilatu Shechonge; Benjamin Ngatunga,"Purchased, local fishermen",Africa,TZ,Tanzania,Morogoro Region,-8.13953,36.67393,2019-05-22
112-KIL07-05-19,TZ135,TAFIRI-2019.05.22-RUF05-A,TAFIRI-2019.05.22-KIL07-A,,,1,PreservedSpecimen,EtOH,,Other material,species,Animalia,Chordata,Actinopterygii,Perciformes,Cichlidae,Oreochromis,urolepis,"(Norman, 1922)",,,Rupert Collins; Martin Genner,,Kilombero River,"Ifakara, Lumemo River",Rupert Collins; Asilatu Shechonge; Benjamin Ngatunga,"Purchased, local fishermen",Africa,TZ,Tanzania,Morogoro Region,-8.13953,36.67393,2019-05-22
113-KIL07-05-19,TZ136,TAFIRI-2019.05.22-RUF05-A,TAFIRI-2019.05.22-KIL07-A,,,1,PreservedSpecimen,EtOH,DSC00651,Other material,species,Animalia,Chordata,Actinopterygii,Perciformes,Cichlidae,Oreochromis,urolepis,"(Norman, 1922)",,,Rupert Collins; Martin Genner,,Kilombero River,"Ifakara, Lumemo River",Rupert Collins; Asilatu Shechonge; Benjamin Ngatunga,"Purchased, local fishermen",Africa,TZ,Tanzania,Morogoro Region,-8.13953,36.67393,2019-05-22
114-KIL07-05-19,TZ137,TAFIRI-2019.05.22-RUF05-A,TAFIRI-2019.05.22-KIL07-A,,,1,PreservedSpecimen,EtOH,DSC00652,Other material,species,Animalia,Chordata,Actinopterygii,Perciformes,Cichlidae,Oreochromis,urolepis,"(Norman, 1922)",,,Rupert Collins; Martin Genner,,Kilombero River,"Ifakara, Lumemo River",Rupert Collins; Asilatu Shechonge; Benjamin Ngatunga,"Purchased, local fishermen",Africa,TZ,Tanzania,Morogoro Region,-8.13953,36.67393,2019-05-22
115-KIL07-05-19,TZ138,TAFIRI-2019.05.22-RUF05-A,TAFIRI-2019.05.22-KIL07-A,,,1,PreservedSpecimen,EtOH,DSC00653,Other material,species,Animalia,Chordata,Actinopterygii,Perciformes,Cichlidae,Oreochromis,urolepis,"(Norman, 1922)",,,Rupert Collins; Martin Genner,,Kilombero River,"Ifakara, Lumemo River",Rupert Collins; Asilatu Shechonge; Benjamin Ngatunga,"Purchased, local fishermen",Africa,TZ,Tanzania,Morogoro Region,-8.13953,36.67393,2019-05-22
116-KIL07-05-19,TZ139,TAFIRI-2019.05.22-RUF05-A,TAFIRI-2019.05.22-KIL07-A,,,1,PreservedSpecimen,EtOH,,Other material,species,Animalia,Chordata,Actinopterygii,Perciformes,Cichlidae,Astatotilapia,gigliolii,"(Pfeffer, 1896)",,,Rupert Collins; Martin Genner,,Kilombero River,"Ifakara, Lumemo River",Rupert Collins; Asilatu Shechonge; Benjamin Ngatunga,"Purchased, local fishermen",Africa,TZ,Tanzania,Morogoro Region,-8.13953,36.67393,2019-05-22
117-KIL07-05-19,TZ140,TAFIRI-2019.05.22-RUF05-A,TAFIRI-2019.05.22-KIL07-A,,,1,PreservedSpecimen,EtOH,DSC00659,Other material,species,Animalia,Chordata,Actinopterygii,Characiformes,Alestidae,Brycinus,imberi,"(Peters, 1852)",,,Rupert Collins; Martin Genner,,Kilombero River,"Ifakara, Lumemo River",Rupert Collins; Asilatu Shechonge; Benjamin Ngatunga,"Purchased, local fishermen",Africa,TZ,Tanzania,Morogoro Region,-8.13953,36.67393,2019-05-22
118-KIL07-05-19,TZ141,TAFIRI-2019.05.22-RUF05-A,TAFIRI-2019.05.22-KIL07-A,,,1,PreservedSpecimen,EtOH,DSC00660,Other material,species,Animalia,Chordata,Actinopterygii,Characiformes,Alestidae,Brycinus,imberi,"(Peters, 1852)",,,Rupert Collins; Martin Genner,,Kilombero River,"Ifakara, Lumemo River",Rupert Collins; Asilatu Shechonge; Benjamin Ngatunga,"Purchased, local fishermen",Africa,TZ,Tanzania,Morogoro Region,-8.13953,36.67393,2019-05-22
119-KIL07-05-19,TZ142,TAFIRI-2019.05.22-RUF05-A,TAFIRI-2019.05.22-KIL07-A,,,1,PreservedSpecimen,EtOH,DSC00662,Other material,species,Animalia,Chordata,Actinopterygii,Siluriformes,Clariidae,Clarias,gariepinus,"(Burchell, 1822)",,,Rupert Collins; Martin Genner,,Kilombero River,"Ifakara, Lumemo River",Rupert Collins; Asilatu Shechonge; Benjamin Ngatunga,"Purchased, local fishermen",Africa,TZ,Tanzania,Morogoro Region,-8.13953,36.67393,2019-05-22
120-KIL11-05-19,TZ143,TAFIRI-2019.05.23-RUF08-A,TAFIRI-2019.05.23-KIL11-A,,,1,PreservedSpecimen,EtOH,,Other material,species,Animalia,Chordata,Actinopterygii,Characiformes,Alestidae,Alestes,stuhlmannii,"Pfeffer, 1896",,,Rupert Collins; Martin Genner,,Great Ruaha River,"Kidatu, bridge over the Ruaha",Rupert Collins; Asilatu Shechonge; Benjamin Ngatunga,"Purchased, fish market",Africa,TZ,Tanzania,Morogoro Region,-7.6658,36.97702,2019-05-23
121-MG10-05-19,TZ157,TAFIRI-2019.05.20-MG10-A,TAFIRI-2019.05.20-MG10-A,,,1,PreservedSpecimen,EtOH,P5200080,Other material,species,Animalia,Chordata,Actinopterygii,Siluriformes,Clariidae,Clarias,theodorae,"Weber, 1897",,,Rupert Collins; Martin Genner,,Great Ruaha River,"Kidatu, Mangula B, School, Mr Ahmed fish pond",Rupert Collins; Asilatu Shechonge; Benjamin Ngatunga,Seine,Africa,TZ,Tanzania,Morogoro Region,-7.84118,36.8921,2019-05-20
122-KIL08-05-19,TZ158,TAFIRI-2019.05.22-RUF03-B,TAFIRI-2019.05.22-KIL08-A,,,1,PreservedSpecimen,EtOH,,Other material,genus,Animalia,Chordata,Actinopterygii,Characiformes,Distichodontidae,Nannaethiops,,,,sp. ‘kilombero’,Rupert Collins; Martin Genner,new species,Kilombero River,"Ifakara, culvert on road approaching Magufuli Bridge",Rupert Collins; Asilatu Shechonge; Benjamin Ngatunga,Hand net,Africa,TZ,Tanzania,Morogoro Region,-8.174,36.69369,2019-05-22
123-KIL08-05-19,TZ159,TAFIRI-2019.05.22-RUF03-B,TAFIRI-2019.05.22-KIL08-A,,,1,PreservedSpecimen,EtOH,,Other material,genus,Animalia,Chordata,Actinopterygii,Characiformes,Distichodontidae,Nannaethiops,,,,sp. ‘kilombero’,Rupert Collins; Martin Genner,new species,Kilombero River,"Ifakara, culvert on road approaching Magufuli Bridge",Rupert Collins; Asilatu Shechonge; Benjamin Ngatunga,Hand net,Africa,TZ,Tanzania,Morogoro Region,-8.174,36.69369,2019-05-22
124-KIL08-05-19,TZ160,TAFIRI-2019.05.22-RUF03-B,TAFIRI-2019.05.22-KIL08-A,,,1,PreservedSpecimen,EtOH,,Other material,genus,Animalia,Chordata,Actinopterygii,Characiformes,Distichodontidae,Nannaethiops,,,,sp. ‘kilombero’,Rupert Collins; Martin Genner,new species,Kilombero River,"Ifakara, culvert on road approaching Magufuli Bridge",Rupert Collins; Asilatu Shechonge; Benjamin Ngatunga,Hand net,Africa,TZ,Tanzania,Morogoro Region,-8.174,36.69369,2019-05-22
125-KIL09-05-19,TZ161,TAFIRI-2019.05.23-RUF06-A,TAFIRI-2019.05.23-KIL09-A,,,1,PreservedSpecimen,EtOH,,Other material,genus,Animalia,Chordata,Actinopterygii,Characiformes,Distichodontidae,Nannaethiops,,,,sp. ‘kilombero’,Rupert Collins; Martin Genner,new species,Kilombero River,"Ifakara, Kikwawila(?) River",Rupert Collins; Asilatu Shechonge; Benjamin Ngatunga,Hand net,Africa,TZ,Tanzania,Morogoro Region,-8.08345,36.7101,2019-05-23
126-KIL09-05-19,TZ162,TAFIRI-2019.05.23-RUF06-A,TAFIRI-2019.05.23-KIL09-A,,,1,PreservedSpecimen,EtOH,,Other material,genus,Animalia,Chordata,Actinopterygii,Characiformes,Distichodontidae,Nannaethiops,,,,sp. ‘kilombero’,Rupert Collins; Martin Genner,new species,Kilombero River,"Ifakara, Kikwawila(?) River",Rupert Collins; Asilatu Shechonge; Benjamin Ngatunga,Hand net,Africa,TZ,Tanzania,Morogoro Region,-8.08345,36.7101,2019-05-23
031-S8-09-12,,,,,,,,,,Other material,species,Animalia,Chordata,Actinopterygii,Cypriniformes,Cyprinidae,Enteromius,lineomaculatus,"(Boulenger, 1903)",,,Martin Genner,,,,,,,,,,,,
034-S8-09-12,,,,,,,,,,Other material,genus,Animalia,Chordata,Actinopterygii,Cypriniformes,Cyprinidae,Enteromius,,,,sp. ‘ruaha stripe’,Martin Genner,,,,,,,,,,,,
035-S8-09-12,,,,,,,,,,Other material,genus,Animalia,Chordata,Actinopterygii,Cypriniformes,Cyprinidae,Enteromius,,,,sp. ‘ruaha stripe’,Martin Genner,,,,,,,,,,,,
036-S8-09-12,,,,,,,,,,Other material,species,Animalia,Chordata,Actinopterygii,Cypriniformes,Cyprinidae,Enteromius,lineomaculatus,"(Boulenger, 1903)",,,Martin Genner,,,,,,,,,,,,
037-S8-09-12,,,,,,,,,,Other material,species,Animalia,Chordata,Actinopterygii,Cypriniformes,Cyprinidae,Enteromius,lineomaculatus,"(Boulenger, 1903)",,,Martin Genner,,,,,,,,,,,,
038-S8-09-12,,,,,,,,,,Other material,species,Animalia,Chordata,Actinopterygii,Cypriniformes,Cyprinidae,Enteromius,kerstenii,"(Peters, 1868)",,,Martin Genner,,,,,,,,,,,,
039-S8-09-12,,,,,,,,,,Other material,species,Animalia,Chordata,Actinopterygii,Cypriniformes,Cyprinidae,Enteromius,kerstenii,"(Peters, 1868)",,,Martin Genner,,,,,,,,,,,,
041-S8-09-12,,,,,,,,,,Other material,species,Animalia,Chordata,Actinopterygii,Gonorynchiformes,Kneriidae,Kneria,ruaha,"Seegers, 1995",,,Martin Genner,,,,,,,,,,,,
042-S8-09-12,,,,,,,,,,Other material,species,Animalia,Chordata,Actinopterygii,Gonorynchiformes,Kneriidae,Kneria,ruaha,"Seegers, 1995",,,Martin Genner,,,,,,,,,,,,
043-S8-09-12,,,,,,,,,,Other material,genus,Animalia,Chordata,Actinopterygii,Siluriformes,Amphiliidae,Amphilius,,,,sp. ‘ruaha 1’,Martin Genner,,,,,,,,,,,,
044-S8-09-12,,,,,,,,,,Other material,genus,Animalia,Chordata,Actinopterygii,Siluriformes,Amphiliidae,Amphilius,,,,sp. ‘ruaha 1’,Martin Genner,,,,,,,,,,,,
045-S9-09-12,,,,,,,,,,Other material,genus,Animalia,Chordata,Actinopterygii,Siluriformes,Amphiliidae,Zaireichthys,,,,sp. ‘ruaha’,Martin Genner,,,,,,,,,,,,
047-S9-09-12,,,,,,,,,,Other material,genus,Animalia,Chordata,Actinopterygii,Siluriformes,Amphiliidae,Zaireichthys,,,,sp. ‘ruaha’,Martin Genner,,,,,,,,,,,,
051-S9-09-12,,,,,,,,,,Other material,species,Animalia,Chordata,Actinopterygii,Gonorynchiformes,Kneriidae,Kneria,ruaha,"Seegers, 1995",,,Martin Genner,,,,,,,,,,,,
128-S22-08-13,,,,,,,,,,Other material,species,Animalia,Chordata,Actinopterygii,Gobiiformes,Eleotridae,Eleotris,klunzingerii,"Pfeffer, 1893",,,Martin Genner,,,,,,,,,,,,
131-S22-08-13,,,,,,,,,,Other material,species,Animalia,Chordata,Actinopterygii,Characiformes,Citharinidae,Citharinus,congicus,"Boulenger, 1897",,,Martin Genner,,,,,,,,,,,,
132-S22-08-13,,,,,,,,,,Other material,species,Animalia,Chordata,Actinopterygii,Characiformes,Citharinidae,Citharinus,congicus,"Boulenger, 1897",,,Martin Genner,,,,,,,,,,,,
133-S22-08-13,,,,,,,,,,Other material,species,Animalia,Chordata,Actinopterygii,Characiformes,Alestidae,Brycinus,affinis,"(Günther, 1894)",,,Martin Genner,,,,,,,,,,,,
134-S22-08-13,,,,,,,,,,Other material,species,Animalia,Chordata,Actinopterygii,Characiformes,Alestidae,Brycinus,affinis,"(Günther, 1894)",,,Martin Genner,,,,,,,,,,,,
135-S22-08-13,,,,,,,,,,Other material,species,Animalia,Chordata,Actinopterygii,Siluriformes,Schilbeidae,Pareutropius,longifilis,"(Steindachner, 1914)",,,Martin Genner,,,,,,,,,,,,
136-S22-08-13,,,,,,,,,,Other material,species,Animalia,Chordata,Actinopterygii,Siluriformes,Schilbeidae,Pareutropius,longifilis,"(Steindachner, 1914)",,,Martin Genner,,,,,,,,,,,,
137-S22-08-13,,,,,,,,,,Other material,species,Animalia,Chordata,Actinopterygii,Cypriniformes,Cyprinidae,Labeo,cylindricus,"Peters, 1852",,,Martin Genner,,,,,,,,,,,,
138-S22-08-13,,,,,,,,,,Other material,species,Animalia,Chordata,Actinopterygii,Cypriniformes,Cyprinidae,Labeo,cylindricus,"Peters, 1852",,,Martin Genner,,,,,,,,,,,,
139-S22-08-13,,,,,,,,,,Other material,species,Animalia,Chordata,Actinopterygii,Characiformes,Alestidae,Alestes,stuhlmannii,"Pfeffer, 1896",,,Martin Genner,,,,,,,,,,,,
140-S22-08-13,,,,,,,,,,Other material,species,Animalia,Chordata,Actinopterygii,Characiformes,Alestidae,Alestes,stuhlmannii,"Pfeffer, 1896",,,Martin Genner,,,,,,,,,,,,
141-S22-08-13,,,,,,,,,,Other material,species,Animalia,Chordata,Actinopterygii,Siluriformes,Mochokidae,Synodontis,rukwaensis,"Hilgendorf & Pappenheim, 1903",,,Martin Genner,,,,,,,,,,,,
143-S22-08-13,,,,,,,,,,Other material,species,Animalia,Chordata,Actinopterygii,Gobiiformes,Gobiidae,Glossogobius,giuris,"(Hamilton, 1822)",,,Martin Genner,,,,,,,,,,,,
144-S22-08-13,,,,,,,,,,Other material,genus,Animalia,Chordata,Actinopterygii,Siluriformes,Mochokidae,Synodontis,,,,sp. ‘utete’,Martin Genner,,,,,,,,,,,,
145-S22-08-13,,,,,,,,,,Other material,species,Animalia,Chordata,Actinopterygii,Characiformes,Alestidae,Hydrocynus,vittatus,"Castelnau, 1861",,,Martin Genner,,,,,,,,,,,,
146-KIL08-19,,TAFIRI-2019.05.22-RUF03-B,TAFIRI-2019.05.22-KIL08-A,,,,PreservedSpecimen,EtOH,,Other material,genus,Animalia,Chordata,Actinopterygii,Perciformes,Cichlidae,Pseudocrenilabrus,,,,sp. ‘kilombero’,Martin Genner,,Kilombero River,"Ifakara, culvert on road approaching Magufuli Bridge",Rupert Collins; Asilatu Shechonge; Benjamin Ngatunga,"Purchased, local fishermen",Africa,TZ,Tanzania,Morogoro Region,-8.174,36.69369,2019-05-22
147-KIL08-19,,TAFIRI-2019.05.22-RUF03-B,TAFIRI-2019.05.22-KIL08-A,,,,PreservedSpecimen,EtOH,,Other material,genus,Animalia,Chordata,Actinopterygii,Perciformes,Cichlidae,Pseudocrenilabrus,,,,sp. ‘kilombero’,Martin Genner,,Kilombero River,"Ifakara, culvert on road approaching Magufuli Bridge",Rupert Collins; Asilatu Shechonge; Benjamin Ngatunga,"Purchased, local fishermen",Africa,TZ,Tanzania,Morogoro Region,-8.174,36.69369,2019-05-22
148-KIL08-19,,TAFIRI-2019.05.22-RUF03-B,TAFIRI-2019.05.22-KIL08-A,,,,PreservedSpecimen,EtOH,,Other material,species,Animalia,Chordata,Actinopterygii,Perciformes,Cichlidae,Oreochromis,urolepis,"(Norman, 1922)",,,Martin Genner,,Kilombero River,"Ifakara, culvert on road approaching Magufuli Bridge",Rupert Collins; Asilatu Shechonge; Benjamin Ngatunga,"Purchased, local fishermen",Africa,TZ,Tanzania,Morogoro Region,-8.174,36.69369,2019-05-22
150-KIL08-19,,TAFIRI-2019.05.22-RUF03-B,TAFIRI-2019.05.22-KIL08-A,,,,PreservedSpecimen,EtOH,,Other material,species,Animalia,Chordata,Actinopterygii,Cyprinodontiformes,Procatopodidae,Lacustricola,kongoranensis,"(Ahl, 1924)",,,Martin Genner,,Kilombero River,"Ifakara, culvert on road approaching Magufuli Bridge",Rupert Collins; Asilatu Shechonge; Benjamin Ngatunga,"Purchased, local fishermen",Africa,TZ,Tanzania,Morogoro Region,-8.174,36.69369,2019-05-22
151-KIL08-19,,TAFIRI-2019.05.22-RUF03-B,TAFIRI-2019.05.22-KIL08-A,,,,PreservedSpecimen,EtOH,,Other material,species,Animalia,Chordata,Actinopterygii,Cypriniformes,Cyprinidae,Enteromius,macrotaenia,"(Worthington, 1933)",,,Martin Genner,,Kilombero River,"Ifakara, culvert on road approaching Magufuli Bridge",Rupert Collins; Asilatu Shechonge; Benjamin Ngatunga,"Purchased, local fishermen",Africa,TZ,Tanzania,Morogoro Region,-8.174,36.69369,2019-05-22
153-KIL08-19,,TAFIRI-2019.05.22-RUF03-B,TAFIRI-2019.05.22-KIL08-A,,,,PreservedSpecimen,EtOH,,Other material,species,Animalia,Chordata,Actinopterygii,Characiformes,Alestidae,Hemigrammopetersius,barnardi,"(Herre, 1936)",,,Martin Genner,,Kilombero River,"Ifakara, culvert on road approaching Magufuli Bridge",Rupert Collins; Asilatu Shechonge; Benjamin Ngatunga,"Purchased, local fishermen",Africa,TZ,Tanzania,Morogoro Region,-8.174,36.69369,2019-05-22
154-KIL08-19,,TAFIRI-2019.05.22-RUF03-B,TAFIRI-2019.05.22-KIL08-A,,,,PreservedSpecimen,EtOH,,Other material,species,Animalia,Chordata,Actinopterygii,Characiformes,Alestidae,Hemigrammopetersius,barnardi,"(Herre, 1936)",,,Martin Genner,,Kilombero River,"Ifakara, culvert on road approaching Magufuli Bridge",Rupert Collins; Asilatu Shechonge; Benjamin Ngatunga,"Purchased, local fishermen",Africa,TZ,Tanzania,Morogoro Region,-8.174,36.69369,2019-05-22
156-KIL08-19,,TAFIRI-2019.05.22-RUF03-B,TAFIRI-2019.05.22-KIL08-A,,,,PreservedSpecimen,EtOH,,Other material,species,Animalia,Chordata,Actinopterygii,Cypriniformes,Cyprinidae,Enteromius,apleurogramma,"(Boulenger, 1911)",,,Martin Genner,,Kilombero River,"Ifakara, culvert on road approaching Magufuli Bridge",Rupert Collins; Asilatu Shechonge; Benjamin Ngatunga,"Purchased, local fishermen",Africa,TZ,Tanzania,Morogoro Region,-8.174,36.69369,2019-05-22
157-KIL10-19,,TAFIRI-2019.05.23-RUF07-A,TAFIRI-2019.05.23-KIL10-A,,,,PreservedSpecimen,EtOH,,Other material,species,Animalia,Chordata,Actinopterygii,Characiformes,Alestidae,Brycinus,lateralis,"(Boulenger, 1900)",,,Martin Genner,,Kilombero River,"Kisawasa, Udzungwa mountain stream on Kidatu-Ifakara road",Rupert Collins; Asilatu Shechonge; Benjamin Ngatunga,Hand net,Africa,TZ,Tanzania,Morogoro Region,-7.8942,36.87226,2019-05-23
158-KIL10-19,,TAFIRI-2019.05.23-RUF07-A,TAFIRI-2019.05.23-KIL10-A,,,,PreservedSpecimen,EtOH,,Other material,species,Animalia,Chordata,Actinopterygii,Synbranchiformes,Mastacembelidae,Mastacembelus,frenatus,"Boulenger, 1901",,,Martin Genner,,Kilombero River,"Kisawasa, Udzungwa mountain stream on Kidatu-Ifakara road",Rupert Collins; Asilatu Shechonge; Benjamin Ngatunga,Hand net,Africa,TZ,Tanzania,Morogoro Region,-7.8942,36.87226,2019-05-23
159-KIL10-19,,TAFIRI-2019.05.23-RUF07-A,TAFIRI-2019.05.23-KIL10-A,,,,PreservedSpecimen,EtOH,,Other material,species,Animalia,Chordata,Actinopterygii,Cypriniformes,Cyprinidae,Labeo,cylindricus,"Peters, 1852",,,Martin Genner,,Kilombero River,"Kisawasa, Udzungwa mountain stream on Kidatu-Ifakara road",Rupert Collins; Asilatu Shechonge; Benjamin Ngatunga,Hand net,Africa,TZ,Tanzania,Morogoro Region,-7.8942,36.87226,2019-05-23
160-KIL10-19,,TAFIRI-2019.05.23-RUF07-A,TAFIRI-2019.05.23-KIL10-A,,,,PreservedSpecimen,EtOH,,Other material,species,Animalia,Chordata,Actinopterygii,Cypriniformes,Cyprinidae,Enteromius,kerstenii,"(Peters, 1868)",,,Martin Genner,,Kilombero River,"Kisawasa, Udzungwa mountain stream on Kidatu-Ifakara road",Rupert Collins; Asilatu Shechonge; Benjamin Ngatunga,Hand net,Africa,TZ,Tanzania,Morogoro Region,-7.8942,36.87226,2019-05-23
,,,,EF32210297,,,,,,Other material,species,Animalia,Chordata,Actinopterygii,Characiformes,Alestidae,Hemigrammopetersius,barnardi,"(Herre, 1936)",,,Martin Genner,,,,,,,,,,,,
,,,,EF32210298,,,,,,Other material,species,Animalia,Chordata,Actinopterygii,Characiformes,Alestidae,Hemigrammopetersius,barnardi,"(Herre, 1936)",,,Martin Genner,,,,,,,,,,,,
,,,,EF32210299,,,,,,Other material,genus,Animalia,Chordata,Actinopterygii,Osteoglossiformes,Mormyridae,Marcusenius,,,,cf. livingstonii,Martin Genner,,,,,,,,,,,,
,,,,EF32210300,,,,,,Other material,species,Animalia,Chordata,Actinopterygii,Osteoglossiformes,Mormyridae,Pollimyrus,castelnaui,"(Boulenger, 1911)",,,Martin Genner,,,,,,,,,,,,
,,,,EF32210301,,,,,,Other material,species,Animalia,Chordata,Actinopterygii,Cypriniformes,Cyprinidae,Enteromius,radiatus,"(Peters, 1853)",,,Martin Genner,,,,,,,,,,,,
,,,,EF32210304,,,,,,Other material,species,Animalia,Chordata,Actinopterygii,Characiformes,Alestidae,Brycinus,affinis,"(Günther, 1894)",,,Martin Genner,,,,,,,,,,,,
,,,,EF32210307,,,,,,Other material,species,Animalia,Chordata,Actinopterygii,Cypriniformes,Cyprinidae,Enteromius,kerstenii,"(Peters, 1868)",,,Martin Genner,,,,,,,,,,,,
,,,,EF32210308,,,,,,Other material,genus,Animalia,Chordata,Actinopterygii,Cypriniformes,Cyprinidae,Enteromius,,,,sp. ‘kilombero stripe’,Martin Genner,,,,,,,,,,,,
,,,,EF32210309,,,,,,Other material,genus,Animalia,Chordata,Actinopterygii,Cypriniformes,Cyprinidae,Enteromius,,,,sp. ‘kilombero stripe’,Martin Genner,,,,,,,,,,,,
,,,,EF32210310,,,,,,Other material,species,Animalia,Chordata,Actinopterygii,Siluriformes,Schilbeidae,Pareutropius,longifilis,"(Steindachner, 1914)",,,Martin Genner,,,,,,,,,,,,
,,,,EF32210311,,,,,,Other material,species,Animalia,Chordata,Actinopterygii,Siluriformes,Schilbeidae,Pareutropius,longifilis,"(Steindachner, 1914)",,,Martin Genner,,,,,,,,,,,,
,,,,EF32210312,,,,,,Other material,species,Animalia,Chordata,Actinopterygii,Cypriniformes,Cyprinidae,Enteromius,macrotaenia,"(Worthington, 1933)",,,Martin Genner,,,,,,,,,,,,
,,,,EF32210313,,,,,,Other material,species,Animalia,Chordata,Actinopterygii,Cypriniformes,Cyprinidae,Enteromius,macrotaenia,"(Worthington, 1933)",,,Martin Genner,,,,,,,,,,,,
,,,,EF32210315,,,,,,Other material,genus,Animalia,Chordata,Actinopterygii,Characiformes,Distichodontidae,Nannaethiops,,,,sp. ‘kilombero’,Martin Genner,,,,,,,,,,,,
,,,,EF32210316,,,,,,Other material,species,Animalia,Chordata,Actinopterygii,Cypriniformes,Cyprinidae,Enteromius,macrotaenia,"(Worthington, 1933)",,,Martin Genner,,,,,,,,,,,,
,,,,EF32210317,,,,,,Other material,species,Animalia,Chordata,Actinopterygii,Cypriniformes,Cyprinidae,Enteromius,macrotaenia,"(Worthington, 1933)",,,Martin Genner,,,,,,,,,,,,
,,,,EF32210318,,,,,,Other material,species,Animalia,Chordata,Actinopterygii,Characiformes,Alestidae,Hemigrammopetersius,barnardi,"(Herre, 1936)",,,Martin Genner,,,,,,,,,,,,
,,,,EF32210319,,,,,,Other material,species,Animalia,Chordata,Actinopterygii,Characiformes,Alestidae,Hemigrammopetersius,barnardi,"(Herre, 1936)",,,Martin Genner,,,,,,,,,,,,
,,,,EF32210320,,,,,,Other material,species,Animalia,Chordata,Actinopterygii,Cypriniformes,Cyprinidae,Enteromius,kerstenii,"(Peters, 1868)",,,Martin Genner,,,,,,,,,,,,
,,,,EF32210321,,,,,,Other material,species,Animalia,Chordata,Actinopterygii,Cypriniformes,Cyprinidae,Enteromius,kerstenii,"(Peters, 1868)",,,Martin Genner,,,,,,,,,,,,
,,,,EF32210322,,,,,,Other material,species,Animalia,Chordata,Actinopterygii,Cypriniformes,Cyprinidae,Enteromius,lineomaculatus,"(Boulenger, 1903)",,,Martin Genner,,,,,,,,,,,,
,,,,EF32210323,,,,,,Other material,species,Animalia,Chordata,Actinopterygii,Cypriniformes,Cyprinidae,Enteromius,lineomaculatus,"(Boulenger, 1903)",,,Martin Genner,,,,,,,,,,,,
,,,,EF32210325,,,,,,Other material,species,Animalia,Chordata,Actinopterygii,Cypriniformes,Cyprinidae,Enteromius,radiatus,"(Peters, 1853)",,,Martin Genner,,,,,,,,,,,,
,,,,EF32210326,,,,,,Other material,genus,Animalia,Chordata,Actinopterygii,Siluriformes,Mochokidae,Chiloglanis,,,,sp. ‘ruaha’,Martin Genner,,,,,,,,,,,,
,,,,EF32210327,,,,,,Other material,genus,Animalia,Chordata,Actinopterygii,Siluriformes,Amphiliidae,Amphilius,,,,sp. ‘ruaha 2’,Martin Genner,,,,,,,,,,,,
,,,,EF32210328,,,,,,Other material,genus,Animalia,Chordata,Actinopterygii,Siluriformes,Amphiliidae,Amphilius,,,,sp. ‘ruaha 2’,Martin Genner,,,,,,,,,,,,
,,,,EF32210329,,,,,,Other material,genus,Animalia,Chordata,Actinopterygii,Siluriformes,Amphiliidae,Zaireichthys,,,,sp. ‘ruaha’,Martin Genner,,,,,,,,,,,,
,,,,EF32210330,,,,,,Other material,genus,Animalia,Chordata,Actinopterygii,Siluriformes,Amphiliidae,Zaireichthys,,,,sp. ‘ruaha’,Martin Genner,,,,,,,,,,,,
,,,,EF32658376,,,,,,Other material,species,Animalia,Chordata,Actinopterygii,Osteoglossiformes,Mormyridae,Petrocephalus,catostoma,"(Günther, 1866)",,,Martin Genner,,,,,,,,,,,,
,,,,EF32658377,,,,,,Other material,species,Animalia,Chordata,Actinopterygii,Osteoglossiformes,Mormyridae,Pollimyrus,castelnaui,"(Boulenger, 1911)",,,Martin Genner,,,,,,,,,,,,
,,,,EF32658381,,,,,,Other material,species,Animalia,Chordata,Actinopterygii,Cypriniformes,Cyprinidae,Enteromius,kerstenii,"(Peters, 1868)",,,Martin Genner,,,,,,,,,,,,
,,,,EF32658382,,,,,,Other material,genus,Animalia,Chordata,Actinopterygii,Siluriformes,Mochokidae,Chiloglanis,,,,sp. ‘ruaha’,Martin Genner,,,,,,,,,,,,
,,,,EF32658383,,,,,,Other material,species,Animalia,Chordata,Actinopterygii,Cypriniformes,Cyprinidae,Enteromius,lineomaculatus,"(Boulenger, 1903)",,,Martin Genner,,,,,,,,,,,,
,,,,EF32658384,,,,,,Other material,species,Animalia,Chordata,Actinopterygii,Siluriformes,Mochokidae,Atopochilus,vogti,"Pellegrin, 1922",,,Martin Genner,,,,,,,,,,,,
,,,,EF32658385,,,,,,Other material,species,Animalia,Chordata,Actinopterygii,Cyprinodontiformes,Nothobranchiidae,Nothobranchius,kilomberoensis,"Wildekamp, Watters & Sainthouse, 2002",,,Martin Genner,,,,,,,,,,,,
,,,,EF32658386,,,,,,Other material,species,Animalia,Chordata,Actinopterygii,Cyprinodontiformes,Nothobranchiidae,Nothobranchius,kilomberoensis,"Wildekamp, Watters & Sainthouse, 2002",,,Martin Genner,,,,,,,,,,,,
,,,,EF32658388,,,,,,Other material,species,Animalia,Chordata,Actinopterygii,Siluriformes,Clariidae,Clarias,theodorae,"Weber, 1897",,,Martin Genner,,,,,,,,,,,,
,,,,EF32658389,,,,,,Other material,species,Animalia,Chordata,Actinopterygii,Osteoglossiformes,Mormyridae,Marcusenius,macrolepidotus,"(Peters, 1852)",,,Martin Genner,,,,,,,,,,,,
,,,,EF32658390,,,,,,Other material,species,Animalia,Chordata,Actinopterygii,Siluriformes,Clariidae,Clarias,gariepinus,"(Burchell, 1822)",,,Martin Genner,,,,,,,,,,,,
,,,,EF32658391,,,,,,Other material,species,Animalia,Chordata,Actinopterygii,Siluriformes,Clariidae,Clarias,gariepinus,"(Burchell, 1822)",,,Martin Genner,,,,,,,,,,,,
,,,,EF32658396,,,,,,Other material,species,Animalia,Chordata,Actinopterygii,Perciformes,Cichlidae,Coptodon,rendalli,"(Boulenger, 1897)",,,Martin Genner,,,,,,,,,,,,
,,,,EF32658399,,,,,,Other material,species,Animalia,Chordata,Actinopterygii,Siluriformes,Bagridae,Bagrus,orientalis,"Boulenger, 1902",,,Martin Genner,,,,,,,,,,,,
,,,,ERX1868693,,,,,,Other material,species,Animalia,Chordata,Actinopterygii,Perciformes,Cichlidae,Astatotilapia,gigliolii,,,,Martin Genner,,,,,,,,,,,,
,,,,ERX3627798,,,,,,Other material,genus,Animalia,Chordata,Actinopterygii,Perciformes,Cichlidae,Astatotilapia,,,,sp. ‘ruaha blue’,Martin Genner,,,,,,,,,,,,
,,,,ERX3627799,,,,,,Other material,species,Animalia,Chordata,Actinopterygii,Perciformes,Cichlidae,Haplochromis,vanheusdeni,"Schedel, Friel & Schliewen, 2014",,,Martin Genner,,,,,,,,,,,,
,,,,ERX3627801,,,,,,Other material,genus,Animalia,Chordata,Actinopterygii,Perciformes,Cichlidae,Astatotilapia,,,,sp. ‘ruaha redcheek’,Martin Genner,,,,,,,,,,,,
,,,,ERX3627803,,,,,,Other material,genus,Animalia,Chordata,Actinopterygii,Perciformes,Cichlidae,Astatotilapia,,,,sp. ‘rufiji blue’,Martin Genner,,,,,,,,,,,,
,,,,EF32658403,,,,,,Other material,genus,Animalia,Chordata,Actinopterygii,Cypriniformes,Cyprinidae,Enteromius,,,,cf. paludinosus 'redfin',Martin Genner,,,,,,,,,,,,
,,,,EF32658404,,,,,,Other material,species,Animalia,Chordata,Actinopterygii,Cypriniformes,Cyprinidae,Enteromius,apleurogramma,,,,Martin Genner,,,,,,,,,,,,
,,,,EF32658402,,,,,,Other material,species,Animalia,Chordata,Actinopterygii,Perciformes,Gobiidae,Awaous,aeneofuscus,,,,Martin Genner,,,,,,,,,,,,
,,,,EF32658405,,,,,,Other material,species,Animalia,Chordata,Actinopterygii,Siluriformes,Clariidae,Clarias,gariepinus,,,,Martin Genner,,,,,,,,,,,,
,,,,EF32658406,,,,,,Other material,species,Animalia,Chordata,Actinopterygii,Siluriformes,Clariidae,Clarias,gariepinus,,,,Martin Genner,,,,,,,,,,,,
,,,,EF32658400,,,,,,Other material,species,Animalia,Chordata,Actinopterygii,Cyprinodontiformes,Procatopodidae,Lacustricola,kongoranensis,"(Ahl, 1924)",,,Martin Genner,,,,,,,,,,,,
,,,,EF32658407,,,,,,Other material,species,Animalia,Chordata,Actinopterygii,Gonorynchiformes,Chanidae,Chanos,chanos,,,,Martin Genner,,,,,,,,,,,,
,,,,EF32658401,,,,,,Other material,genus,Animalia,Chordata,Actinopterygii,Cypriniformes,Cyprinidae,Enteromius,,,,sp. 'four five spot',Martin Genner,,,,,,,,,,,,
